MS,PP,Date,Agent,suspicion_poil_non_lynx,Pose_attractif,Nbr_poil,Nbr_poil_lynx,Nbr_poil_lynx_bulbe,Nbr_poil_lynx_jarre,NumDetectLynx,MSPP,date attractif,ecart attractif,ecarAttracCat,PE,Mscat
1,1,06/11/2024,MT,NA,OUI,,,,,,11,06/11/2024,0,semaine1,1,Eplynx
1,2,06/11/2024,MT,NA,OUI,,,,,,12,06/11/2024,0,semaine1,1,Eplynx
2,1,06/11/2024,MT,NA,OUI,,,,,,21,06/11/2024,0,semaine1,1,
2,2,06/11/2024,MT,NA,OUI,,,,,,22,06/11/2024,0,semaine1,1,
3,1,06/11/2024,MT,NA,OUI,,,,,,31,06/11/2024,0,semaine1,1,
3,2,06/11/2024,MT,NA,OUI,,,,,,32,06/11/2024,0,semaine1,1,
4,1,06/11/2024,MT,NA,OUI,,,,,,41,06/11/2024,0,semaine1,1,Eplynx
4,2,06/11/2024,MT,NA,OUI,,,,,,42,06/11/2024,0,semaine1,1,Eplynx
5,1,06/11/2024,MT,NA,OUI,,,,,,51,06/11/2024,0,semaine1,1,
5,2,06/11/2024,MT,NA,OUI,,,,,,52,06/11/2024,0,semaine1,1,
6,1,06/11/2024,MT,NA,OUI,,,,,,61,06/11/2024,0,semaine1,1,
6,2,06/11/2024,MT,NA,OUI,,,,,,62,06/11/2024,0,semaine1,1,
7,1,06/11/2024,MT,NA,OUI,,,,,,71,06/11/2024,0,semaine1,1,
7,2,06/11/2024,MT,NA,OUI,,,,,,72,06/11/2024,0,semaine1,1,
8,1,06/11/2024,MT,NA,OUI,,,,,,81,06/11/2024,0,semaine1,1,Eplynx
8,2,06/11/2024,MT,NA,OUI,,,,,,82,06/11/2024,0,semaine1,1,Eplynx
9,1,06/11/2024,MT,NA,OUI,,,,,,91,06/11/2024,0,semaine1,1,
9,2,06/11/2024,MT,NA,OUI,,,,,,92,06/11/2024,0,semaine1,1,
10,1,06/11/2024,MT,NA,OUI,,,,,,101,06/11/2024,0,semaine1,1,
10,2,06/11/2024,MT,NA,OUI,,,,,,102,06/11/2024,0,semaine1,1,
11,1,06/11/2024,MT,NA,OUI,,,,,,111,06/11/2024,0,semaine1,1,Eplynx
11,2,06/11/2024,MT,NA,OUI,,,,,,112,06/11/2024,0,semaine1,1,Eplynx
12,1,06/11/2024,MT,NA,OUI,,,,,,121,06/11/2024,0,semaine1,1,
12,2,06/11/2024,MT,NA,OUI,,,,,,122,06/11/2024,0,semaine1,1,
13,1,07/11/2024,MT,NA,OUI,,,,,,131,07/11/2024,0,semaine1,1,
13,2,07/11/2024,MT,NA,OUI,,,,,,132,07/11/2024,0,semaine1,1,
14,1,07/11/2024,MT,NA,OUI,,,,,,141,07/11/2024,0,semaine1,1,
14,2,07/11/2024,MT,NA,OUI,,,,,,142,07/11/2024,0,semaine1,1,
15,1,07/11/2024,MT,NA,OUI,,,,,,151,07/11/2024,0,semaine1,1,
15,2,07/11/2024,MT,NA,OUI,,,,,,152,07/11/2024,0,semaine1,1,
16,1,07/11/2024,MT,NA,OUI,,,,,,161,07/11/2024,0,semaine1,1,Eplynx
16,2,07/11/2024,MT,NA,OUI,,,,,,162,07/11/2024,0,semaine1,1,Eplynx
17,1,07/11/2024,MT,NA,OUI,,,,,,171,07/11/2024,0,semaine1,1,
17,2,07/11/2024,MT,NA,OUI,,,,,,172,07/11/2024,0,semaine1,1,
18,1,07/11/2024,MT,NA,OUI,,,,,,181,07/11/2024,0,semaine1,1,Eplynx
18,2,07/11/2024,MT,NA,OUI,,,,,,182,07/11/2024,0,semaine1,1,Eplynx
19,1,07/11/2024,MT,NA,OUI,,,,,,191,07/11/2024,0,semaine1,1,
19,2,07/11/2024,MT,NA,OUI,,,,,,192,07/11/2024,0,semaine1,1,
20,1,07/11/2024,MT,NA,OUI,,,,,,201,07/11/2024,0,semaine1,1,Eplynx
20,2,07/11/2024,MT,NA,OUI,,,,,,202,07/11/2024,0,semaine1,1,Eplynx
21,1,07/11/2024,MT,NA,OUI,,,,,,211,07/11/2024,0,semaine1,1,
21,2,07/11/2024,MT,NA,OUI,,,,,,212,07/11/2024,0,semaine1,1,
22,1,07/11/2024,MT,NA,OUI,,,,,,221,07/11/2024,0,semaine1,1,Eplynx
22,2,07/11/2024,MT,NA,OUI,,,,,,222,07/11/2024,0,semaine1,1,Eplynx
23,1,07/11/2024,MT,NA,OUI,,,,,,231,07/11/2024,0,semaine1,1,
23,2,07/11/2024,MT,NA,OUI,,,,,,232,07/11/2024,0,semaine1,1,
24,1,07/11/2024,MT,NA,OUI,,,,,,241,07/11/2024,0,semaine1,1,Eplynx
24,2,07/11/2024,MT,NA,OUI,,,,,,242,07/11/2024,0,semaine1,1,Eplynx
1,1,13/11/2024,MT,N,NON,,,,,,11,06/11/2024,7,semaine1,1,Eplynx
1,2,13/11/2024,MT,N,NON,,,,,,12,06/11/2024,7,semaine1,1,Eplynx
2,1,13/11/2024,MT,N,NON,,,,,,21,06/11/2024,7,semaine1,1,
2,2,13/11/2024,MT,N,NON,,,,,,22,06/11/2024,7,semaine1,1,
3,1,13/11/2024,MT,N,NON,,,,,,31,06/11/2024,7,semaine1,1,
3,2,13/11/2024,MT,N,NON,,,,,,32,06/11/2024,7,semaine1,1,
4,1,13/11/2024,MT,N,NON,,,,,,41,06/11/2024,7,semaine1,1,Eplynx
4,2,13/11/2024,MT,N,NON,,,,,,42,06/11/2024,7,semaine1,1,Eplynx
5,1,13/11/2024,MT,N,NON,,,,,,51,06/11/2024,7,semaine1,1,
5,2,13/11/2024,MT,N,NON,,,,,,52,06/11/2024,7,semaine1,1,
6,1,13/11/2024,MT,N,NON,,,,,,61,06/11/2024,7,semaine1,1,
6,2,13/11/2024,MT,N,NON,,,,,,62,06/11/2024,7,semaine1,1,
7,1,13/11/2024,MT,N,NON,,,,,,71,06/11/2024,7,semaine1,1,
7,2,13/11/2024,MT,N,NON,,,,,,72,06/11/2024,7,semaine1,1,
8,1,13/11/2024,MT,N,NON,,,,,,81,06/11/2024,7,semaine1,1,Eplynx
8,2,13/11/2024,MT,N,NON,,,,,,82,06/11/2024,7,semaine1,1,Eplynx
9,1,13/11/2024,MT,N,NON,,,,,,91,06/11/2024,7,semaine1,1,
9,2,13/11/2024,MT,N,NON,,,,,,92,06/11/2024,7,semaine1,1,
10,1,13/11/2024,MT,N,NON,,,,,,101,06/11/2024,7,semaine1,1,
10,2,13/11/2024,MT,N,NON,,,,,,102,06/11/2024,7,semaine1,1,
11,1,13/11/2024,MT,N,NON,,,,,,111,06/11/2024,7,semaine1,1,Eplynx
11,2,13/11/2024,MT,N,NON,,,,,,112,06/11/2024,7,semaine1,1,Eplynx
12,1,13/11/2024,MT,N,NON,,,,,,121,06/11/2024,7,semaine1,1,
12,2,13/11/2024,MT,N,NON,,,,,,122,06/11/2024,7,semaine1,1,
15,2,14/11/2024,MT,O,NON,1,0,0,0,0,152,07/11/2024,7,semaine1,1,
13,1,14/11/2024,MT,N,NON,,,,,,131,07/11/2024,7,semaine1,1,
13,2,14/11/2024,MT,N,NON,,,,,,132,07/11/2024,7,semaine1,1,
14,1,14/11/2024,MT,N,NON,,,,,,141,07/11/2024,7,semaine1,1,
14,2,14/11/2024,MT,N,NON,,,,,,142,07/11/2024,7,semaine1,1,
15,1,14/11/2024,MT,N,NON,,,,,,151,07/11/2024,7,semaine1,1,
16,1,14/11/2024,MT,N,NON,,,,,,161,07/11/2024,7,semaine1,1,Eplynx
16,2,14/11/2024,MT,N,NON,,,,,,162,07/11/2024,7,semaine1,1,Eplynx
17,1,14/11/2024,MT,N,NON,,,,,,171,07/11/2024,7,semaine1,1,
17,2,14/11/2024,MT,N,NON,,,,,,172,07/11/2024,7,semaine1,1,
18,1,14/11/2024,MT,N,NON,,,,,,181,07/11/2024,7,semaine1,1,Eplynx
18,2,14/11/2024,MT,N,NON,,,,,,182,07/11/2024,7,semaine1,1,Eplynx
19,1,14/11/2024,MT,N,NON,,,,,,191,07/11/2024,7,semaine1,1,
19,2,14/11/2024,MT,N,NON,,,,,,192,07/11/2024,7,semaine1,1,
20,1,14/11/2024,MT,N,NON,,,,,,201,07/11/2024,7,semaine1,1,Eplynx
20,2,14/11/2024,MT,N,NON,,,,,,202,07/11/2024,7,semaine1,1,Eplynx
21,1,14/11/2024,MT,N,NON,,,,,,211,07/11/2024,7,semaine1,1,
21,2,14/11/2024,MT,N,NON,,,,,,212,07/11/2024,7,semaine1,1,
22,1,14/11/2024,MT,N,NON,,,,,,221,07/11/2024,7,semaine1,1,Eplynx
22,2,14/11/2024,MT,N,NON,,,,,,222,07/11/2024,7,semaine1,1,Eplynx
23,1,14/11/2024,MT,N,NON,,,,,,231,07/11/2024,7,semaine1,1,
23,2,14/11/2024,MT,N,NON,,,,,,232,07/11/2024,7,semaine1,1,
24,1,14/11/2024,MT,N,NON,,,,,,241,07/11/2024,7,semaine1,1,Eplynx
24,2,14/11/2024,MT,N,NON,,,,,,242,07/11/2024,7,semaine1,1,Eplynx
1,1,19/11/2024,MT,N,NON,,,,,,11,06/11/2024,13,semaine2,1,Eplynx
1,2,19/11/2024,MT,N,NON,,,,,,12,06/11/2024,13,semaine2,1,Eplynx
2,1,19/11/2024,MT,N,NON,,,,,,21,06/11/2024,13,semaine2,1,
2,2,19/11/2024,MT,N,NON,,,,,,22,06/11/2024,13,semaine2,1,
3,1,19/11/2024,MT,N,NON,,,,,,31,06/11/2024,13,semaine2,1,
3,2,19/11/2024,MT,N,NON,,,,,,32,06/11/2024,13,semaine2,1,
4,1,19/11/2024,MT,N,NON,,,,,,41,06/11/2024,13,semaine2,1,Eplynx
4,2,19/11/2024,MT,N,NON,,,,,,42,06/11/2024,13,semaine2,1,Eplynx
5,1,19/11/2024,MT,N,NON,,,,,,51,06/11/2024,13,semaine2,1,
5,2,19/11/2024,MT,N,NON,,,,,,52,06/11/2024,13,semaine2,1,
6,1,19/11/2024,MT,N,NON,,,,,,61,06/11/2024,13,semaine2,1,
6,2,19/11/2024,MT,N,NON,,,,,,62,06/11/2024,13,semaine2,1,
7,1,19/11/2024,MT,N,NON,,,,,,71,06/11/2024,13,semaine2,1,
7,2,19/11/2024,MT,N,NON,,,,,,72,06/11/2024,13,semaine2,1,
8,1,19/11/2024,MT,N,NON,,,,,,81,06/11/2024,13,semaine2,1,Eplynx
8,2,19/11/2024,MT,N,NON,,,,,,82,06/11/2024,13,semaine2,1,Eplynx
9,1,19/11/2024,MT,N,NON,,,,,,91,06/11/2024,13,semaine2,1,
9,2,19/11/2024,MT,N,NON,,,,,,92,06/11/2024,13,semaine2,1,
10,1,19/11/2024,MT,N,NON,,,,,,101,06/11/2024,13,semaine2,1,
10,2,19/11/2024,MT,N,NON,,,,,,102,06/11/2024,13,semaine2,1,
11,1,19/11/2024,MT,N,NON,,,,,,111,06/11/2024,13,semaine2,1,Eplynx
11,2,19/11/2024,MT,N,NON,,,,,,112,06/11/2024,13,semaine2,1,Eplynx
12,1,19/11/2024,MT,N,NON,,,,,,121,06/11/2024,13,semaine2,1,
12,2,19/11/2024,MT,N,NON,,,,,,122,06/11/2024,13,semaine2,1,
13,1,22/11/2024,MT,N,NON,,,,,,131,07/11/2024,15,semaine3,1,
13,2,22/11/2024,MT,N,NON,,,,,,132,07/11/2024,15,semaine3,1,
14,1,22/11/2024,MT,N,NON,,,,,,141,07/11/2024,15,semaine3,1,
14,2,22/11/2024,MT,N,NON,,,,,,142,07/11/2024,15,semaine3,1,
15,1,22/11/2024,MT,N,NON,,,,,,151,07/11/2024,15,semaine3,1,
15,2,22/11/2024,MT,N,NON,,,,,,152,07/11/2024,15,semaine3,1,
16,1,22/11/2024,MT,N,NON,,,,,,161,07/11/2024,15,semaine3,1,Eplynx
16,2,22/11/2024,MT,N,NON,,,,,,162,07/11/2024,15,semaine3,1,Eplynx
17,1,22/11/2024,MT,N,NON,,,,,,171,07/11/2024,15,semaine3,1,
17,2,22/11/2024,MT,N,NON,,,,,,172,07/11/2024,15,semaine3,1,
18,1,22/11/2024,MT,N,NON,,,,,,181,07/11/2024,15,semaine3,1,Eplynx
18,2,22/11/2024,MT,N,NON,,,,,,182,07/11/2024,15,semaine3,1,Eplynx
19,1,22/11/2024,MT,N,NON,,,,,,191,07/11/2024,15,semaine3,1,
19,2,22/11/2024,MT,N,NON,,,,,,192,07/11/2024,15,semaine3,1,
20,1,22/11/2024,MT,N,NON,,,,,,201,07/11/2024,15,semaine3,1,Eplynx
20,2,22/11/2024,MT,N,NON,,,,,,202,07/11/2024,15,semaine3,1,Eplynx
21,1,22/11/2024,MT,N,NON,,,,,,211,07/11/2024,15,semaine3,1,
21,2,22/11/2024,MT,N,NON,,,,,,212,07/11/2024,15,semaine3,1,
22,1,22/11/2024,MT,N,NON,,,,,,221,07/11/2024,15,semaine3,1,Eplynx
22,2,22/11/2024,MT,N,NON,,,,,,222,07/11/2024,15,semaine3,1,Eplynx
23,1,22/11/2024,MT,N,NON,,,,,,231,07/11/2024,15,semaine3,1,
23,2,22/11/2024,MT,N,NON,,,,,,232,07/11/2024,15,semaine3,1,
24,1,22/11/2024,MT,N,NON,,,,,,241,07/11/2024,15,semaine3,1,Eplynx
24,2,22/11/2024,MT,N,NON,,,,,,242,07/11/2024,15,semaine3,1,Eplynx
3,2,26/11/2024,MT,O,NON,2,0,0,0,2,32,06/11/2024,20,semaine3,1,
9,1,26/11/2024,MT,N,NON,3,3,1,0,19,91,06/11/2024,20,semaine3,1,
1,1,26/11/2024,MT,N,NON,,,,,,11,06/11/2024,20,semaine3,1,Eplynx
1,2,26/11/2024,MT,N,NON,,,,,,12,06/11/2024,20,semaine3,1,Eplynx
2,1,26/11/2024,MT,N,NON,,,,,,21,06/11/2024,20,semaine3,1,
2,2,26/11/2024,MT,N,NON,,,,,,22,06/11/2024,20,semaine3,1,
3,1,26/11/2024,MT,N,NON,,,,,,31,06/11/2024,20,semaine3,1,
4,1,26/11/2024,MT,N,NON,,,,,,41,06/11/2024,20,semaine3,1,Eplynx
4,2,26/11/2024,MT,N,NON,,,,,,42,06/11/2024,20,semaine3,1,Eplynx
5,1,26/11/2024,MT,N,NON,,,,,,51,06/11/2024,20,semaine3,1,
5,2,26/11/2024,MT,N,NON,,,,,,52,06/11/2024,20,semaine3,1,
6,1,26/11/2024,MT,N,NON,,,,,,61,06/11/2024,20,semaine3,1,
6,2,26/11/2024,MT,N,NON,,,,,,62,06/11/2024,20,semaine3,1,
7,1,26/11/2024,MT,N,NON,,,,,,71,06/11/2024,20,semaine3,1,
7,2,26/11/2024,MT,N,NON,,,,,,72,06/11/2024,20,semaine3,1,
8,1,26/11/2024,MT,N,NON,,,,,,81,06/11/2024,20,semaine3,1,Eplynx
8,2,26/11/2024,MT,N,NON,,,,,,82,06/11/2024,20,semaine3,1,Eplynx
9,2,26/11/2024,MT,N,NON,,,,,,92,06/11/2024,20,semaine3,1,
10,1,26/11/2024,MT,N,NON,,,,,,101,06/11/2024,20,semaine3,1,
10,2,26/11/2024,MT,N,NON,,,,,,102,06/11/2024,20,semaine3,1,
11,1,26/11/2024,MT,N,NON,,,,,,111,06/11/2024,20,semaine3,1,Eplynx
11,2,26/11/2024,MT,N,NON,,,,,,112,06/11/2024,20,semaine3,1,Eplynx
12,1,26/11/2024,MT,N,NON,,,,,,121,06/11/2024,20,semaine3,1,
12,2,26/11/2024,MT,N,NON,,,,,,122,06/11/2024,20,semaine3,1,
24,1,28/11/2024,MT,O,NON,1,1,1,0,0,241,07/11/2024,21,semaine3,1,
13,1,28/11/2024,MT,N,NON,,,,,,131,07/11/2024,21,semaine3,1,
13,2,28/11/2024,MT,N,NON,,,,,,132,07/11/2024,21,semaine3,1,
14,1,28/11/2024,MT,N,NON,,,,,,141,07/11/2024,21,semaine3,1,
14,2,28/11/2024,MT,N,NON,,,,,,142,07/11/2024,21,semaine3,1,
15,1,28/11/2024,MT,N,NON,,,,,,151,07/11/2024,21,semaine3,1,
15,2,28/11/2024,MT,N,NON,,,,,,152,07/11/2024,21,semaine3,1,
16,1,28/11/2024,MT,N,NON,,,,,,161,07/11/2024,21,semaine3,1,Eplynx
16,2,28/11/2024,MT,N,NON,,,,,,162,07/11/2024,21,semaine3,1,Eplynx
17,1,28/11/2024,MT,N,NON,,,,,,171,07/11/2024,21,semaine3,1,
17,2,28/11/2024,MT,N,NON,,,,,,172,07/11/2024,21,semaine3,1,
18,1,28/11/2024,MT,N,NON,,,,,,181,07/11/2024,21,semaine3,1,Eplynx
18,2,28/11/2024,MT,N,NON,,,,,,182,07/11/2024,21,semaine3,1,Eplynx
19,1,28/11/2024,MT,N,NON,,,,,,191,07/11/2024,21,semaine3,1,
19,2,28/11/2024,MT,N,NON,,,,,,192,07/11/2024,21,semaine3,1,
20,1,28/11/2024,MT,N,NON,,,,,,201,07/11/2024,21,semaine3,1,Eplynx
20,2,28/11/2024,MT,N,NON,,,,,,202,07/11/2024,21,semaine3,1,Eplynx
21,1,28/11/2024,MT,N,NON,,,,,,211,07/11/2024,21,semaine3,1,
21,2,28/11/2024,MT,N,NON,,,,,,212,07/11/2024,21,semaine3,1,
22,1,28/11/2024,MT,N,NON,,,,,,221,07/11/2024,21,semaine3,1,Eplynx
22,2,28/11/2024,MT,N,NON,,,,,,222,07/11/2024,21,semaine3,1,Eplynx
23,1,28/11/2024,MT,N,NON,,,,,,231,07/11/2024,21,semaine3,1,
23,2,28/11/2024,MT,N,NON,,,,,,232,07/11/2024,21,semaine3,1,
24,2,28/11/2024,MT,N,NON,,,,,,242,07/11/2024,21,semaine3,1,Eplynx
1,2,04/12/2024,MT,O,NON,1,1,0,0,0,12,06/11/2024,28,semaine4,1,
3,2,04/12/2024,MT,O,NON,1,0,0,0,2,32,06/11/2024,28,semaine4,1,
1,1,04/12/2024,MT,N,NON,,,,,,11,06/11/2024,28,semaine4,1,Eplynx
2,1,04/12/2024,MT,N,NON,,,,,,21,06/11/2024,28,semaine4,1,
2,2,04/12/2024,MT,N,NON,,,,,,22,06/11/2024,28,semaine4,1,
3,1,04/12/2024,MT,N,NON,,,,,,31,06/11/2024,28,semaine4,1,
4,1,04/12/2024,MT,N,NON,,,,,,41,06/11/2024,28,semaine4,1,Eplynx
4,2,04/12/2024,MT,N,NON,,,,,,42,06/11/2024,28,semaine4,1,Eplynx
5,1,04/12/2024,MT,N,NON,,,,,,51,06/11/2024,28,semaine4,1,
5,2,04/12/2024,MT,N,NON,,,,,,52,06/11/2024,28,semaine4,1,
6,1,04/12/2024,MT,N,NON,,,,,,61,06/11/2024,28,semaine4,1,
6,2,04/12/2024,MT,N,NON,,,,,,62,06/11/2024,28,semaine4,1,
7,1,04/12/2024,MT,N,NON,,,,,,71,06/11/2024,28,semaine4,1,
7,2,04/12/2024,MT,N,NON,,,,,,72,06/11/2024,28,semaine4,1,
8,1,04/12/2024,MT,N,NON,,,,,,81,06/11/2024,28,semaine4,1,Eplynx
8,2,04/12/2024,MT,N,NON,,,,,,82,06/11/2024,28,semaine4,1,Eplynx
9,1,04/12/2024,MT,N,NON,,,,,,91,06/11/2024,28,semaine4,1,
9,2,04/12/2024,MT,N,NON,,,,,,92,06/11/2024,28,semaine4,1,
10,1,04/12/2024,MT,N,NON,,,,,,101,06/11/2024,28,semaine4,1,
10,2,04/12/2024,MT,N,NON,,,,,,102,06/11/2024,28,semaine4,1,
11,1,04/12/2024,MT,N,NON,,,,,,111,06/11/2024,28,semaine4,1,Eplynx
11,2,04/12/2024,MT,N,NON,,,,,,112,06/11/2024,28,semaine4,1,Eplynx
12,1,04/12/2024,MT,N,NON,,,,,,121,06/11/2024,28,semaine4,1,
12,2,04/12/2024,MT,N,NON,,,,,,122,06/11/2024,28,semaine4,1,
13,1,06/12/2024,MT,N,NON,,,,,,131,07/11/2024,29,semaine4,1,
13,2,06/12/2024,MT,N,NON,,,,,,132,07/11/2024,29,semaine4,1,
14,1,06/12/2024,MT,N,NON,,,,,,141,07/11/2024,29,semaine4,1,
14,2,06/12/2024,MT,N,NON,,,,,,142,07/11/2024,29,semaine4,1,
15,1,06/12/2024,MT,N,NON,,,,,,151,07/11/2024,29,semaine4,1,
15,2,06/12/2024,MT,N,NON,,,,,,152,07/11/2024,29,semaine4,1,
16,1,06/12/2024,MT,N,NON,,,,,,161,07/11/2024,29,semaine4,1,Eplynx
16,2,06/12/2024,MT,N,NON,,,,,,162,07/11/2024,29,semaine4,1,Eplynx
17,1,06/12/2024,MT,N,NON,,,,,,171,07/11/2024,29,semaine4,1,
17,2,06/12/2024,MT,N,NON,,,,,,172,07/11/2024,29,semaine4,1,
18,1,06/12/2024,MT,N,NON,,,,,,181,07/11/2024,29,semaine4,1,Eplynx
18,2,06/12/2024,MT,N,NON,,,,,,182,07/11/2024,29,semaine4,1,Eplynx
19,1,06/12/2024,MT,N,NON,,,,,,191,07/11/2024,29,semaine4,1,
19,2,06/12/2024,MT,N,NON,,,,,,192,07/11/2024,29,semaine4,1,
20,1,06/12/2024,MT,N,NON,,,,,,201,07/11/2024,29,semaine4,1,Eplynx
20,2,06/12/2024,MT,N,NON,,,,,,202,07/11/2024,29,semaine4,1,Eplynx
21,1,06/12/2024,MT,N,NON,,,,,,211,07/11/2024,29,semaine4,1,
21,2,06/12/2024,MT,N,NON,,,,,,212,07/11/2024,29,semaine4,1,
22,1,06/12/2024,MT,N,NON,,,,,,221,07/11/2024,29,semaine4,1,Eplynx
22,2,06/12/2024,MT,N,NON,,,,,,222,07/11/2024,29,semaine4,1,Eplynx
23,1,06/12/2024,MT,N,NON,,,,,,231,07/11/2024,29,semaine4,1,
23,2,06/12/2024,MT,N,NON,,,,,,232,07/11/2024,29,semaine4,1,
24,1,06/12/2024,MT,N,NON,,,,,,241,07/11/2024,29,semaine4,1,Eplynx
24,2,06/12/2024,MT,N,NON,,,,,,242,07/11/2024,29,semaine4,1,Eplynx
4,2,09/12/2024,MT,O,NON,10,10,10,0,0,42,06/11/2024,33,semaine5,1,
9,1,09/12/2024,MT,N,NON,1,0,0,0,53,91,06/11/2024,33,semaine5,1,
4,1,09/12/2024,MT,N,NON,,,,,,41,06/11/2024,33,semaine5,1,Eplynx
5,1,09/12/2024,MT,N,NON,,,,,,51,06/11/2024,33,semaine5,1,
5,2,09/12/2024,MT,N,NON,,,,,,52,06/11/2024,33,semaine5,1,
6,1,09/12/2024,MT,N,NON,,,,,,61,06/11/2024,33,semaine5,1,
6,2,09/12/2024,MT,N,NON,,,,,,62,06/11/2024,33,semaine5,1,
7,1,09/12/2024,MT,N,NON,,,,,,71,06/11/2024,33,semaine5,1,
7,2,09/12/2024,MT,N,NON,,,,,,72,06/11/2024,33,semaine5,1,
8,1,09/12/2024,MT,N,NON,,,,,,81,06/11/2024,33,semaine5,1,Eplynx
8,2,09/12/2024,MT,N,NON,,,,,,82,06/11/2024,33,semaine5,1,Eplynx
9,2,09/12/2024,MT,N,NON,,,,,,92,06/11/2024,33,semaine5,1,
10,1,09/12/2024,MT,N,NON,,,,,,101,06/11/2024,33,semaine5,1,
10,2,09/12/2024,MT,N,NON,,,,,,102,06/11/2024,33,semaine5,1,
11,1,09/12/2024,MT,N,NON,,,,,,111,06/11/2024,33,semaine5,1,Eplynx
11,2,09/12/2024,MT,N,NON,,,,,,112,06/11/2024,33,semaine5,1,Eplynx
1,1,11/12/2024,MT,N,NON,,,,,,11,06/11/2024,35,semaine5,1,Eplynx
1,2,11/12/2024,MT,N,NON,,,,,,12,06/11/2024,35,semaine5,1,Eplynx
2,1,11/12/2024,MT,N,NON,,,,,,21,06/11/2024,35,semaine5,1,
2,2,11/12/2024,MT,N,NON,,,,,,22,06/11/2024,35,semaine5,1,
3,1,11/12/2024,MT,N,NON,,,,,,31,06/11/2024,35,semaine5,1,
3,2,11/12/2024,MT,N,NON,,,,,,32,06/11/2024,35,semaine5,1,
12,1,11/12/2024,MT,N,NON,,,,,,121,06/11/2024,35,semaine5,1,
12,2,11/12/2024,MT,N,NON,,,,,,122,06/11/2024,35,semaine5,1,
13,1,11/12/2024,MT,N,NON,,,,,,131,07/11/2024,34,semaine5,1,
13,2,11/12/2024,MT,N,NON,,,,,,132,07/11/2024,34,semaine5,1,
14,1,11/12/2024,MT,N,NON,,,,,,141,07/11/2024,34,semaine5,1,
14,2,11/12/2024,MT,N,NON,,,,,,142,07/11/2024,34,semaine5,1,
15,1,11/12/2024,MT,N,NON,,,,,,151,07/11/2024,34,semaine5,1,
15,2,11/12/2024,MT,N,NON,,,,,,152,07/11/2024,34,semaine5,1,
16,1,11/12/2024,MT,N,NON,,,,,,161,07/11/2024,34,semaine5,1,Eplynx
16,2,11/12/2024,MT,N,NON,,,,,,162,07/11/2024,34,semaine5,1,Eplynx
17,1,11/12/2024,MT,N,NON,,,,,,171,07/11/2024,34,semaine5,1,
17,2,11/12/2024,MT,N,NON,,,,,,172,07/11/2024,34,semaine5,1,
18,1,11/12/2024,MT,N,NON,,,,,,181,07/11/2024,34,semaine5,1,Eplynx
18,2,11/12/2024,MT,N,NON,,,,,,182,07/11/2024,34,semaine5,1,Eplynx
19,1,11/12/2024,MT,N,NON,,,,,,191,07/11/2024,34,semaine5,1,
19,2,11/12/2024,MT,N,NON,,,,,,192,07/11/2024,34,semaine5,1,
20,1,11/12/2024,MT,N,NON,,,,,,201,07/11/2024,34,semaine5,1,Eplynx
20,2,11/12/2024,MT,N,NON,,,,,,202,07/11/2024,34,semaine5,1,Eplynx
21,1,11/12/2024,MT,N,NON,,,,,,211,07/11/2024,34,semaine5,1,
21,2,11/12/2024,MT,N,NON,,,,,,212,07/11/2024,34,semaine5,1,
22,1,11/12/2024,MT,N,NON,,,,,,221,07/11/2024,34,semaine5,1,Eplynx
22,2,11/12/2024,MT,N,NON,,,,,,222,07/11/2024,34,semaine5,1,Eplynx
23,1,11/12/2024,MT,N,NON,,,,,,231,07/11/2024,34,semaine5,1,
23,2,11/12/2024,MT,N,NON,,,,,,232,07/11/2024,34,semaine5,1,
24,1,11/12/2024,MT,N,NON,,,,,,241,07/11/2024,34,semaine5,1,Eplynx
24,2,11/12/2024,MT,N,NON,,,,,,242,07/11/2024,34,semaine5,1,Eplynx
1,1,16/12/2024,MT,N,NON,,,,,,11,06/11/2024,40,semaine6,1,Eplynx
1,2,16/12/2024,MT,N,NON,,,,,,12,06/11/2024,40,semaine6,1,Eplynx
2,1,16/12/2024,MT,N,NON,,,,,,21,06/11/2024,40,semaine6,1,
2,2,16/12/2024,MT,N,NON,,,,,,22,06/11/2024,40,semaine6,1,
3,1,16/12/2024,MT,N,NON,,,,,,31,06/11/2024,40,semaine6,1,
3,2,16/12/2024,MT,N,NON,,,,,,32,06/11/2024,40,semaine6,1,
4,1,16/12/2024,MT,N,NON,,,,,,41,06/11/2024,40,semaine6,1,Eplynx
4,2,16/12/2024,MT,N,NON,,,,,,42,06/11/2024,40,semaine6,1,Eplynx
5,1,16/12/2024,MT,N,NON,,,,,,51,06/11/2024,40,semaine6,1,
5,2,16/12/2024,MT,N,NON,,,,,,52,06/11/2024,40,semaine6,1,
6,1,16/12/2024,MT,N,NON,,,,,,61,06/11/2024,40,semaine6,1,
6,2,16/12/2024,MT,N,NON,,,,,,62,06/11/2024,40,semaine6,1,
7,1,16/12/2024,MT,N,NON,,,,,,71,06/11/2024,40,semaine6,1,
7,2,16/12/2024,MT,N,NON,,,,,,72,06/11/2024,40,semaine6,1,
8,1,16/12/2024,MT,N,NON,,,,,,81,06/11/2024,40,semaine6,1,Eplynx
8,2,16/12/2024,MT,N,NON,,,,,,82,06/11/2024,40,semaine6,1,Eplynx
9,1,16/12/2024,MT,N,NON,,,,,,91,06/11/2024,40,semaine6,1,
9,2,16/12/2024,MT,N,NON,,,,,,92,06/11/2024,40,semaine6,1,
10,1,16/12/2024,MT,N,NON,,,,,,101,06/11/2024,40,semaine6,1,
10,2,16/12/2024,MT,N,NON,,,,,,102,06/11/2024,40,semaine6,1,
11,1,16/12/2024,MT,N,NON,,,,,,111,06/11/2024,40,semaine6,1,Eplynx
11,2,16/12/2024,MT,N,NON,,,,,,112,06/11/2024,40,semaine6,1,Eplynx
20,1,20/12/2024,MT,N,NON,20,20,20,20,67,201,07/11/2024,43,semaine6,1,
12,1,20/12/2024,MT,N,NON,,,,,,121,06/11/2024,44,semaine6,1,
12,2,20/12/2024,MT,N,NON,,,,,,122,06/11/2024,44,semaine6,1,
13,1,20/12/2024,MT,N,NON,,,,,,131,07/11/2024,43,semaine6,1,
13,2,20/12/2024,MT,N,NON,,,,,,132,07/11/2024,43,semaine6,1,
14,1,20/12/2024,MT,N,NON,,,,,,141,07/11/2024,43,semaine6,1,
14,2,20/12/2024,MT,N,NON,,,,,,142,07/11/2024,43,semaine6,1,
15,1,20/12/2024,MT,N,NON,,,,,,151,07/11/2024,43,semaine6,1,
15,2,20/12/2024,MT,N,NON,,,,,,152,07/11/2024,43,semaine6,1,
16,1,20/12/2024,MT,N,NON,,,,,,161,07/11/2024,43,semaine6,1,Eplynx
16,2,20/12/2024,MT,N,NON,,,,,,162,07/11/2024,43,semaine6,1,Eplynx
17,1,20/12/2024,MT,N,NON,,,,,,171,07/11/2024,43,semaine6,1,
17,2,20/12/2024,MT,N,NON,,,,,,172,07/11/2024,43,semaine6,1,
18,1,20/12/2024,MT,N,NON,,,,,,181,07/11/2024,43,semaine6,1,Eplynx
18,2,20/12/2024,MT,N,NON,,,,,,182,07/11/2024,43,semaine6,1,Eplynx
19,1,20/12/2024,MT,N,NON,,,,,,191,07/11/2024,43,semaine6,1,
19,2,20/12/2024,MT,N,NON,,,,,,192,07/11/2024,43,semaine6,1,
20,2,20/12/2024,MT,N,NON,,,,,,202,07/11/2024,43,semaine6,1,Eplynx
21,1,20/12/2024,MT,N,NON,,,,,,211,07/11/2024,43,semaine6,1,
21,2,20/12/2024,MT,N,NON,,,,,,212,07/11/2024,43,semaine6,1,
22,1,20/12/2024,MT,N,NON,,,,,,221,07/11/2024,43,semaine6,1,Eplynx
22,2,20/12/2024,MT,N,NON,,,,,,222,07/11/2024,43,semaine6,1,Eplynx
23,1,20/12/2024,MT,N,NON,,,,,,231,07/11/2024,43,semaine6,1,
23,2,20/12/2024,MT,N,NON,,,,,,232,07/11/2024,43,semaine6,1,
24,1,20/12/2024,MT,N,NON,,,,,,241,07/11/2024,43,semaine6,1,Eplynx
24,2,20/12/2024,MT,N,NON,,,,,,242,07/11/2024,43,semaine6,1,Eplynx
1,1,24/12/2024,JMV,N,NON,,,,,,11,06/11/2024,48,semaine7,1,Eplynx
1,2,24/12/2024,JMV,N,NON,,,,,,12,06/11/2024,48,semaine7,1,Eplynx
2,1,24/12/2024,JMV,N,NON,,,,,,21,06/11/2024,48,semaine7,1,
2,2,24/12/2024,JMV,N,NON,,,,,,22,06/11/2024,48,semaine7,1,
3,1,24/12/2024,JMV,N,NON,,,,,,31,06/11/2024,48,semaine7,1,
3,2,24/12/2024,JMV,N,NON,,,,,,32,06/11/2024,48,semaine7,1,
4,1,24/12/2024,JMV,N,NON,,,,,,41,06/11/2024,48,semaine7,1,Eplynx
4,2,24/12/2024,JMV,N,NON,,,,,,42,06/11/2024,48,semaine7,1,Eplynx
5,1,24/12/2024,JMV,N,NON,,,,,,51,06/11/2024,48,semaine7,1,
5,2,24/12/2024,JMV,N,NON,,,,,,52,06/11/2024,48,semaine7,1,
6,1,24/12/2024,JMV,N,NON,,,,,,61,06/11/2024,48,semaine7,1,
6,2,24/12/2024,JMV,N,NON,,,,,,62,06/11/2024,48,semaine7,1,
7,1,24/12/2024,JMV,N,NON,,,,,,71,06/11/2024,48,semaine7,1,
7,2,24/12/2024,JMV,N,NON,,,,,,72,06/11/2024,48,semaine7,1,
8,1,24/12/2024,JMV,N,NON,,,,,,81,06/11/2024,48,semaine7,1,Eplynx
8,2,24/12/2024,JMV,N,NON,,,,,,82,06/11/2024,48,semaine7,1,Eplynx
9,1,24/12/2024,JMV,N,NON,,,,,,91,06/11/2024,48,semaine7,1,
9,2,24/12/2024,JMV,N,NON,,,,,,92,06/11/2024,48,semaine7,1,
10,1,24/12/2024,JMV,N,NON,,,,,,101,06/11/2024,48,semaine7,1,
10,2,24/12/2024,JMV,N,NON,,,,,,102,06/11/2024,48,semaine7,1,
11,1,24/12/2024,JMV,N,NON,,,,,,111,06/11/2024,48,semaine7,1,Eplynx
11,2,24/12/2024,JMV,N,NON,,,,,,112,06/11/2024,48,semaine7,1,Eplynx
12,1,24/12/2024,JMV,N,NON,,,,,,121,06/11/2024,48,semaine7,1,
12,2,24/12/2024,JMV,N,NON,,,,,,122,06/11/2024,48,semaine7,1,
13,1,26/12/2024,JMV,N,NON,,,,,,131,07/11/2024,49,semaine7,1,
13,2,26/12/2024,JMV,N,NON,,,,,,132,07/11/2024,49,semaine7,1,
14,1,26/12/2024,JMV,N,NON,,,,,,141,07/11/2024,49,semaine7,1,
14,2,26/12/2024,JMV,N,NON,,,,,,142,07/11/2024,49,semaine7,1,
15,1,26/12/2024,JMV,N,NON,,,,,,151,07/11/2024,49,semaine7,1,
15,2,26/12/2024,JMV,N,NON,,,,,,152,07/11/2024,49,semaine7,1,
16,1,26/12/2024,JMV,N,NON,,,,,,161,07/11/2024,49,semaine7,1,Eplynx
16,2,26/12/2024,JMV,N,NON,,,,,,162,07/11/2024,49,semaine7,1,Eplynx
17,1,26/12/2024,JMV,N,NON,,,,,,171,07/11/2024,49,semaine7,1,
17,2,26/12/2024,JMV,N,NON,,,,,,172,07/11/2024,49,semaine7,1,
18,1,26/12/2024,JMV,N,NON,,,,,,181,07/11/2024,49,semaine7,1,Eplynx
18,2,26/12/2024,JMV,N,NON,,,,,,182,07/11/2024,49,semaine7,1,Eplynx
19,1,26/12/2024,JMV,N,NON,,,,,,191,07/11/2024,49,semaine7,1,
19,2,26/12/2024,JMV,N,NON,,,,,,192,07/11/2024,49,semaine7,1,
20,1,26/12/2024,JMV,N,NON,,,,,,201,07/11/2024,49,semaine7,1,Eplynx
20,2,26/12/2024,JMV,N,NON,,,,,,202,07/11/2024,49,semaine7,1,Eplynx
21,1,26/12/2024,JMV,N,NON,,,,,,211,07/11/2024,49,semaine7,1,
21,2,26/12/2024,JMV,N,NON,,,,,,212,07/11/2024,49,semaine7,1,
22,1,26/12/2024,JMV,N,NON,,,,,,221,07/11/2024,49,semaine7,1,Eplynx
22,2,26/12/2024,JMV,N,NON,,,,,,222,07/11/2024,49,semaine7,1,Eplynx
23,1,26/12/2024,JMV,N,NON,,,,,,231,07/11/2024,49,semaine7,1,
23,2,26/12/2024,JMV,N,NON,,,,,,232,07/11/2024,49,semaine7,1,
24,1,26/12/2024,JMV,N,NON,,,,,,241,07/11/2024,49,semaine7,1,Eplynx
24,2,26/12/2024,JMV,N,NON,,,,,,242,07/11/2024,49,semaine7,1,Eplynx
1,1,30/12/2024,JMV,N,NON,,,,,,11,06/11/2024,54,semaine8,1,Eplynx
1,2,30/12/2024,JMV,N,NON,,,,,,12,06/11/2024,54,semaine8,1,Eplynx
2,1,30/12/2024,JMV,N,NON,,,,,,21,06/11/2024,54,semaine8,1,
2,2,30/12/2024,JMV,N,NON,,,,,,22,06/11/2024,54,semaine8,1,
3,1,30/12/2024,JMV,N,NON,,,,,,31,06/11/2024,54,semaine8,1,
3,2,30/12/2024,JMV,N,NON,,,,,,32,06/11/2024,54,semaine8,1,
4,1,30/12/2024,JMV,N,NON,,,,,,41,06/11/2024,54,semaine8,1,Eplynx
4,2,30/12/2024,JMV,N,NON,,,,,,42,06/11/2024,54,semaine8,1,Eplynx
5,1,30/12/2024,JMV,N,NON,,,,,,51,06/11/2024,54,semaine8,1,
5,2,30/12/2024,JMV,N,NON,,,,,,52,06/11/2024,54,semaine8,1,
6,1,30/12/2024,JMV,N,NON,,,,,,61,06/11/2024,54,semaine8,1,
6,2,30/12/2024,JMV,N,NON,,,,,,62,06/11/2024,54,semaine8,1,
7,1,30/12/2024,JMV,N,NON,,,,,,71,06/11/2024,54,semaine8,1,
7,2,30/12/2024,JMV,N,NON,,,,,,72,06/11/2024,54,semaine8,1,
8,1,30/12/2024,JMV,N,NON,,,,,,81,06/11/2024,54,semaine8,1,Eplynx
8,2,30/12/2024,JMV,N,NON,,,,,,82,06/11/2024,54,semaine8,1,Eplynx
9,1,30/12/2024,JMV,N,NON,,,,,,91,06/11/2024,54,semaine8,1,
9,2,30/12/2024,JMV,N,NON,,,,,,92,06/11/2024,54,semaine8,1,
10,1,30/12/2024,JMV,N,NON,,,,,,101,06/11/2024,54,semaine8,1,
10,2,30/12/2024,JMV,N,NON,,,,,,102,06/11/2024,54,semaine8,1,
11,1,30/12/2024,JMV,N,NON,,,,,,111,06/11/2024,54,semaine8,1,Eplynx
11,2,30/12/2024,JMV,N,NON,,,,,,112,06/11/2024,54,semaine8,1,Eplynx
12,1,30/12/2024,JMV,N,NON,,,,,,121,06/11/2024,54,semaine8,1,
12,2,30/12/2024,JMV,N,NON,,,,,,122,06/11/2024,54,semaine8,1,
13,1,02/01/2025,JMV,N,NON,,,,,,131,07/11/2024,56,semaine8,1,
13,2,02/01/2025,JMV,N,NON,,,,,,132,07/11/2024,56,semaine8,1,
14,1,02/01/2025,JMV,N,NON,,,,,,141,07/11/2024,56,semaine8,1,
14,2,02/01/2025,JMV,N,NON,,,,,,142,07/11/2024,56,semaine8,1,
15,1,02/01/2025,JMV,N,NON,,,,,,151,07/11/2024,56,semaine8,1,
15,2,02/01/2025,JMV,N,NON,,,,,,152,07/11/2024,56,semaine8,1,
16,1,02/01/2025,JMV,N,NON,,,,,,161,07/11/2024,56,semaine8,1,Eplynx
16,2,02/01/2025,JMV,N,NON,,,,,,162,07/11/2024,56,semaine8,1,Eplynx
17,1,02/01/2025,JMV,N,NON,,,,,,171,07/11/2024,56,semaine8,1,
17,2,02/01/2025,JMV,N,NON,,,,,,172,07/11/2024,56,semaine8,1,
18,1,02/01/2025,JMV,N,NON,,,,,,181,07/11/2024,56,semaine8,1,Eplynx
18,2,02/01/2025,JMV,N,NON,,,,,,182,07/11/2024,56,semaine8,1,Eplynx
19,1,02/01/2025,JMV,N,NON,,,,,,191,07/11/2024,56,semaine8,1,
19,2,02/01/2025,JMV,N,NON,,,,,,192,07/11/2024,56,semaine8,1,
20,1,02/01/2025,JMV,N,NON,,,,,,201,07/11/2024,56,semaine8,1,Eplynx
20,2,02/01/2025,JMV,N,NON,,,,,,202,07/11/2024,56,semaine8,1,Eplynx
21,1,02/01/2025,JMV,N,NON,,,,,,211,07/11/2024,56,semaine8,1,
21,2,02/01/2025,JMV,N,NON,,,,,,212,07/11/2024,56,semaine8,1,
22,1,02/01/2025,JMV,N,NON,,,,,,221,07/11/2024,56,semaine8,1,Eplynx
22,2,02/01/2025,JMV,N,NON,,,,,,222,07/11/2024,56,semaine8,1,Eplynx
23,1,02/01/2025,JMV,N,NON,,,,,,231,07/11/2024,56,semaine8,1,
23,2,02/01/2025,JMV,N,NON,,,,,,232,07/11/2024,56,semaine8,1,
24,1,02/01/2025,JMV,N,NON,,,,,,241,07/11/2024,56,semaine8,1,Eplynx
24,2,02/01/2025,JMV,N,NON,,,,,,242,07/11/2024,56,semaine8,1,Eplynx
4,1,07/01/2025,MT,O,NON,1,0,0,0,117,41,06/11/2024,62,semaine9,1,Eplynx
1,1,07/01/2025,MT,N,NON,,,,,,11,06/11/2024,62,semaine9,1,Eplynx
1,2,07/01/2025,MT,N,NON,,,,,,12,06/11/2024,62,semaine9,1,Eplynx
2,1,07/01/2025,MT,N,NON,,,,,,21,06/11/2024,62,semaine9,1,
2,2,07/01/2025,MT,N,NON,,,,,,22,06/11/2024,62,semaine9,1,
3,1,07/01/2025,MT,N,NON,,,,,,31,06/11/2024,62,semaine9,1,
3,2,07/01/2025,MT,N,NON,,,,,,32,06/11/2024,62,semaine9,1,
4,2,07/01/2025,MT,N,NON,,,,,,42,06/11/2024,62,semaine9,1,Eplynx
5,1,07/01/2025,MT,N,NON,,,,,,51,06/11/2024,62,semaine9,1,
5,2,07/01/2025,MT,N,NON,,,,,,52,06/11/2024,62,semaine9,1,
6,1,07/01/2025,MT,N,NON,,,,,,61,06/11/2024,62,semaine9,1,
6,2,07/01/2025,MT,N,NON,,,,,,62,06/11/2024,62,semaine9,1,
7,1,07/01/2025,MT,N,NON,,,,,,71,06/11/2024,62,semaine9,1,
7,2,07/01/2025,MT,N,NON,,,,,,72,06/11/2024,62,semaine9,1,
8,1,07/01/2025,MT,N,NON,,,,,,81,06/11/2024,62,semaine9,1,Eplynx
8,2,07/01/2025,MT,N,NON,,,,,,82,06/11/2024,62,semaine9,1,Eplynx
9,1,07/01/2025,MT,N,NON,,,,,,91,06/11/2024,62,semaine9,1,
9,2,07/01/2025,MT,N,NON,,,,,,92,06/11/2024,62,semaine9,1,
10,1,07/01/2025,MT,N,NON,,,,,,101,06/11/2024,62,semaine9,1,
10,2,07/01/2025,MT,N,NON,,,,,,102,06/11/2024,62,semaine9,1,
11,1,07/01/2025,MT,N,NON,,,,,,111,06/11/2024,62,semaine9,1,Eplynx
11,2,07/01/2025,MT,N,NON,,,,,,112,06/11/2024,62,semaine9,1,Eplynx
12,1,07/01/2025,MT,N,NON,,,,,,121,06/11/2024,62,semaine9,1,
12,2,07/01/2025,MT,N,NON,,,,,,122,06/11/2024,62,semaine9,1,
13,1,09/01/2025,MT,N,NON,,,,,,131,07/11/2024,63,semaine9,1,
13,2,09/01/2025,MT,N,NON,,,,,,132,07/11/2024,63,semaine9,1,
14,1,09/01/2025,MT,N,NON,,,,,,141,07/11/2024,63,semaine9,1,
14,2,09/01/2025,MT,N,NON,,,,,,142,07/11/2024,63,semaine9,1,
15,1,09/01/2025,MT,N,NON,,,,,,151,07/11/2024,63,semaine9,1,
15,2,09/01/2025,MT,N,NON,,,,,,152,07/11/2024,63,semaine9,1,
16,1,09/01/2025,MT,N,NON,,,,,,161,07/11/2024,63,semaine9,1,Eplynx
16,2,09/01/2025,MT,N,NON,,,,,,162,07/11/2024,63,semaine9,1,Eplynx
17,1,09/01/2025,MT,N,NON,,,,,,171,07/11/2024,63,semaine9,1,
17,2,09/01/2025,MT,N,NON,,,,,,172,07/11/2024,63,semaine9,1,
18,1,09/01/2025,MT,N,NON,,,,,,181,07/11/2024,63,semaine9,1,Eplynx
18,2,09/01/2025,MT,N,NON,,,,,,182,07/11/2024,63,semaine9,1,Eplynx
19,1,09/01/2025,MT,N,NON,,,,,,191,07/11/2024,63,semaine9,1,
19,2,09/01/2025,MT,N,NON,,,,,,192,07/11/2024,63,semaine9,1,
20,1,09/01/2025,MT,N,NON,,,,,,201,07/11/2024,63,semaine9,1,Eplynx
20,2,09/01/2025,MT,N,NON,,,,,,202,07/11/2024,63,semaine9,1,Eplynx
21,1,09/01/2025,MT,N,NON,,,,,,211,07/11/2024,63,semaine9,1,
21,2,09/01/2025,MT,N,NON,,,,,,212,07/11/2024,63,semaine9,1,
22,1,09/01/2025,MT,N,NON,,,,,,221,07/11/2024,63,semaine9,1,Eplynx
22,2,09/01/2025,MT,N,NON,,,,,,222,07/11/2024,63,semaine9,1,Eplynx
23,1,09/01/2025,MT,N,NON,,,,,,231,07/11/2024,63,semaine9,1,
23,2,09/01/2025,MT,N,NON,,,,,,232,07/11/2024,63,semaine9,1,
24,1,09/01/2025,MT,N,NON,,,,,,241,07/11/2024,63,semaine9,1,Eplynx
24,2,09/01/2025,MT,N,NON,,,,,,242,07/11/2024,63,semaine9,1,Eplynx
1,1,14/01/2025,JB,N,NON,,,,,,11,06/11/2024,69,semaine10,1,Eplynx
1,2,14/01/2025,JB,N,NON,,,,,,12,06/11/2024,69,semaine10,1,Eplynx
2,1,14/01/2025,JB,N,NON,,,,,,21,06/11/2024,69,semaine10,1,
2,2,14/01/2025,JB,N,NON,,,,,,22,06/11/2024,69,semaine10,1,
3,1,14/01/2025,JB,N,NON,,,,,,31,06/11/2024,69,semaine10,1,
3,2,14/01/2025,JB,N,NON,,,,,,32,06/11/2024,69,semaine10,1,
4,1,14/01/2025,JB,N,NON,,,,,,41,06/11/2024,69,semaine10,1,Eplynx
4,2,14/01/2025,JB,N,NON,,,,,,42,06/11/2024,69,semaine10,1,Eplynx
5,1,14/01/2025,JB,N,NON,,,,,,51,06/11/2024,69,semaine10,1,
5,2,14/01/2025,JB,N,NON,,,,,,52,06/11/2024,69,semaine10,1,
6,1,14/01/2025,JB,N,NON,,,,,,61,06/11/2024,69,semaine10,1,
6,2,14/01/2025,JB,N,NON,,,,,,62,06/11/2024,69,semaine10,1,
7,1,14/01/2025,JB,N,NON,,,,,,71,06/11/2024,69,semaine10,1,
7,2,14/01/2025,JB,N,NON,,,,,,72,06/11/2024,69,semaine10,1,
8,1,14/01/2025,JB,N,NON,,,,,,81,06/11/2024,69,semaine10,1,Eplynx
8,2,14/01/2025,JB,N,NON,,,,,,82,06/11/2024,69,semaine10,1,Eplynx
9,1,14/01/2025,JB,N,NON,,,,,,91,06/11/2024,69,semaine10,1,
9,2,14/01/2025,JB,N,NON,,,,,,92,06/11/2024,69,semaine10,1,
10,1,14/01/2025,JB,N,NON,,,,,,101,06/11/2024,69,semaine10,1,
10,2,14/01/2025,JB,N,NON,,,,,,102,06/11/2024,69,semaine10,1,
11,1,14/01/2025,JB,N,NON,,,,,,111,06/11/2024,69,semaine10,1,Eplynx
11,2,14/01/2025,JB,N,NON,,,,,,112,06/11/2024,69,semaine10,1,Eplynx
12,1,14/01/2025,JB,N,NON,,,,,,121,06/11/2024,69,semaine10,1,
12,2,14/01/2025,JB,N,NON,,,,,,122,06/11/2024,69,semaine10,1,
13,1,15/01/2025,JB,N,NON,,,,,,131,07/11/2024,69,semaine10,1,
13,2,15/01/2025,JB,N,NON,,,,,,132,07/11/2024,69,semaine10,1,
14,1,15/01/2025,JB,N,NON,,,,,,141,07/11/2024,69,semaine10,1,
14,2,15/01/2025,JB,N,NON,,,,,,142,07/11/2024,69,semaine10,1,
15,1,15/01/2025,JB,N,NON,,,,,,151,07/11/2024,69,semaine10,1,
15,2,15/01/2025,JB,N,NON,,,,,,152,07/11/2024,69,semaine10,1,
16,1,15/01/2025,JB,N,NON,,,,,,161,07/11/2024,69,semaine10,1,Eplynx
16,2,15/01/2025,JB,N,NON,,,,,,162,07/11/2024,69,semaine10,1,Eplynx
17,1,15/01/2025,JB,N,NON,,,,,,171,07/11/2024,69,semaine10,1,
17,2,15/01/2025,JB,N,NON,,,,,,172,07/11/2024,69,semaine10,1,
18,1,15/01/2025,JB,N,NON,,,,,,181,07/11/2024,69,semaine10,1,Eplynx
18,2,15/01/2025,JB,N,NON,,,,,,182,07/11/2024,69,semaine10,1,Eplynx
19,1,15/01/2025,JB,N,NON,,,,,,191,07/11/2024,69,semaine10,1,
19,2,15/01/2025,JB,N,NON,,,,,,192,07/11/2024,69,semaine10,1,
20,1,15/01/2025,JB,N,NON,,,,,,201,07/11/2024,69,semaine10,1,Eplynx
20,2,15/01/2025,JB,N,NON,,,,,,202,07/11/2024,69,semaine10,1,Eplynx
21,1,15/01/2025,JB,N,NON,,,,,,211,07/11/2024,69,semaine10,1,
21,2,15/01/2025,JB,N,NON,,,,,,212,07/11/2024,69,semaine10,1,
22,1,15/01/2025,JB,N,NON,,,,,,221,07/11/2024,69,semaine10,1,Eplynx
22,2,15/01/2025,JB,N,NON,,,,,,222,07/11/2024,69,semaine10,1,Eplynx
23,1,15/01/2025,JB,N,NON,,,,,,231,07/11/2024,69,semaine10,1,
23,2,15/01/2025,JB,N,NON,,,,,,232,07/11/2024,69,semaine10,1,
24,1,15/01/2025,JB,N,NON,,,,,,241,07/11/2024,69,semaine10,1,Eplynx
24,2,15/01/2025,JB,N,NON,,,,,,242,07/11/2024,69,semaine10,1,Eplynx
1,1,20/01/2025,MT,N,NON,,,,,,11,06/11/2024,75,semaine11,1,Eplynx
1,2,20/01/2025,MT,N,NON,,,,,,12,06/11/2024,75,semaine11,1,Eplynx
2,1,20/01/2025,MT,N,NON,,,,,,21,06/11/2024,75,semaine11,1,
2,2,20/01/2025,MT,N,NON,,,,,,22,06/11/2024,75,semaine11,1,
3,1,20/01/2025,MT,N,NON,,,,,,31,06/11/2024,75,semaine11,1,
3,2,20/01/2025,MT,N,NON,,,,,,32,06/11/2024,75,semaine11,1,
4,1,20/01/2025,MT,N,NON,,,,,,41,06/11/2024,75,semaine11,1,Eplynx
4,2,20/01/2025,MT,N,NON,,,,,,42,06/11/2024,75,semaine11,1,Eplynx
5,1,20/01/2025,MT,N,NON,,,,,,51,06/11/2024,75,semaine11,1,
5,2,20/01/2025,MT,N,NON,,,,,,52,06/11/2024,75,semaine11,1,
6,1,20/01/2025,MT,N,NON,,,,,,61,06/11/2024,75,semaine11,1,
6,2,20/01/2025,MT,N,NON,,,,,,62,06/11/2024,75,semaine11,1,
7,1,20/01/2025,MT,N,NON,,,,,,71,06/11/2024,75,semaine11,1,
7,2,20/01/2025,MT,N,NON,,,,,,72,06/11/2024,75,semaine11,1,
8,1,20/01/2025,MT,N,NON,,,,,,81,06/11/2024,75,semaine11,1,Eplynx
8,2,20/01/2025,MT,N,NON,,,,,,82,06/11/2024,75,semaine11,1,Eplynx
9,1,20/01/2025,MT,N,NON,,,,,,91,06/11/2024,75,semaine11,1,
9,2,20/01/2025,MT,N,NON,,,,,,92,06/11/2024,75,semaine11,1,
10,1,20/01/2025,MT,N,NON,,,,,,101,06/11/2024,75,semaine11,1,
10,2,20/01/2025,MT,N,NON,,,,,,102,06/11/2024,75,semaine11,1,
11,1,20/01/2025,MT,N,NON,,,,,,111,06/11/2024,75,semaine11,1,Eplynx
11,2,20/01/2025,MT,N,NON,,,,,,112,06/11/2024,75,semaine11,1,Eplynx
12,1,20/01/2025,MT,N,NON,,,,,,121,06/11/2024,75,semaine11,1,
12,2,20/01/2025,MT,N,NON,,,,,,122,06/11/2024,75,semaine11,1,
13,1,24/01/2025,MT,N,NON,,,,,,131,07/11/2024,78,semaine11,1,
13,2,24/01/2025,MT,N,NON,,,,,,132,07/11/2024,78,semaine11,1,
14,1,24/01/2025,MT,N,NON,,,,,,141,07/11/2024,78,semaine11,1,
14,2,24/01/2025,MT,N,NON,,,,,,142,07/11/2024,78,semaine11,1,
15,1,24/01/2025,MT,N,NON,,,,,,151,07/11/2024,78,semaine11,1,
15,2,24/01/2025,MT,N,NON,,,,,,152,07/11/2024,78,semaine11,1,
16,1,24/01/2025,MT,N,NON,,,,,,161,07/11/2024,78,semaine11,1,Eplynx
16,2,24/01/2025,MT,N,NON,,,,,,162,07/11/2024,78,semaine11,1,Eplynx
17,1,24/01/2025,MT,N,NON,,,,,,171,07/11/2024,78,semaine11,1,
17,2,24/01/2025,MT,N,NON,,,,,,172,07/11/2024,78,semaine11,1,
18,1,24/01/2025,MT,N,NON,,,,,,181,07/11/2024,78,semaine11,1,Eplynx
18,2,24/01/2025,MT,N,NON,,,,,,182,07/11/2024,78,semaine11,1,Eplynx
19,1,24/01/2025,MT,N,NON,,,,,,191,07/11/2024,78,semaine11,1,
19,2,24/01/2025,MT,N,NON,,,,,,192,07/11/2024,78,semaine11,1,
20,1,24/01/2025,MT,N,NON,,,,,,201,07/11/2024,78,semaine11,1,Eplynx
20,2,24/01/2025,MT,N,NON,,,,,,202,07/11/2024,78,semaine11,1,Eplynx
21,1,24/01/2025,MT,N,NON,,,,,,211,07/11/2024,78,semaine11,1,
21,2,24/01/2025,MT,N,NON,,,,,,212,07/11/2024,78,semaine11,1,
22,1,24/01/2025,MT,N,NON,,,,,,221,07/11/2024,78,semaine11,1,Eplynx
22,2,24/01/2025,MT,N,NON,,,,,,222,07/11/2024,78,semaine11,1,Eplynx
23,1,24/01/2025,MT,N,NON,,,,,,231,07/11/2024,78,semaine11,1,
23,2,24/01/2025,MT,N,NON,,,,,,232,07/11/2024,78,semaine11,1,
24,1,24/01/2025,MT,N,NON,,,,,,241,07/11/2024,78,semaine11,1,Eplynx
24,2,24/01/2025,MT,N,NON,,,,,,242,07/11/2024,78,semaine11,1,Eplynx
1,1,27/01/2025,JMV,N,NON,,,,,,11,06/11/2024,82,semaine12,1,Eplynx
1,2,27/01/2025,JMV,N,NON,,,,,,12,06/11/2024,82,semaine12,1,Eplynx
2,1,27/01/2025,JMV,N,NON,,,,,,21,06/11/2024,82,semaine12,1,
2,2,27/01/2025,JMV,N,NON,,,,,,22,06/11/2024,82,semaine12,1,
3,1,27/01/2025,JMV,N,NON,,,,,,31,06/11/2024,82,semaine12,1,
3,2,27/01/2025,JMV,N,NON,,,,,,32,06/11/2024,82,semaine12,1,
4,1,27/01/2025,JMV,N,NON,,,,,,41,06/11/2024,82,semaine12,1,Eplynx
4,2,27/01/2025,JMV,N,NON,,,,,,42,06/11/2024,82,semaine12,1,Eplynx
5,1,27/01/2025,JMV,N,NON,,,,,,51,06/11/2024,82,semaine12,1,
5,2,27/01/2025,JMV,N,NON,,,,,,52,06/11/2024,82,semaine12,1,
6,1,27/01/2025,JMV,N,NON,,,,,,61,06/11/2024,82,semaine12,1,
6,2,27/01/2025,JMV,N,NON,,,,,,62,06/11/2024,82,semaine12,1,
7,1,27/01/2025,JMV,N,NON,,,,,,71,06/11/2024,82,semaine12,1,
7,2,27/01/2025,JMV,N,NON,,,,,,72,06/11/2024,82,semaine12,1,
8,1,27/01/2025,JMV,N,NON,,,,,,81,06/11/2024,82,semaine12,1,Eplynx
8,2,27/01/2025,JMV,N,NON,,,,,,82,06/11/2024,82,semaine12,1,Eplynx
9,1,27/01/2025,JMV,N,NON,,,,,,91,06/11/2024,82,semaine12,1,
9,2,27/01/2025,JMV,N,NON,,,,,,92,06/11/2024,82,semaine12,1,
10,1,27/01/2025,JMV,N,NON,,,,,,101,06/11/2024,82,semaine12,1,
10,2,27/01/2025,JMV,N,NON,,,,,,102,06/11/2024,82,semaine12,1,
11,1,27/01/2025,JMV,N,NON,,,,,,111,06/11/2024,82,semaine12,1,Eplynx
11,2,27/01/2025,JMV,N,NON,,,,,,112,06/11/2024,82,semaine12,1,Eplynx
12,1,27/01/2025,JMV,N,NON,,,,,,121,06/11/2024,82,semaine12,1,
12,2,27/01/2025,JMV,N,NON,,,,,,122,06/11/2024,82,semaine12,1,
13,2,31/01/2025,MT,N,NON,0,0,0,0,184,132,07/11/2024,85,semaine12,1,
13,1,31/01/2025,MT,N,NON,,,,,,131,07/11/2024,85,semaine12,1,
14,1,31/01/2025,MT,N,NON,,,,,,141,07/11/2024,85,semaine12,1,
14,2,31/01/2025,MT,N,NON,,,,,,142,07/11/2024,85,semaine12,1,
15,1,31/01/2025,MT,N,NON,,,,,,151,07/11/2024,85,semaine12,1,
15,2,31/01/2025,MT,N,NON,,,,,,152,07/11/2024,85,semaine12,1,
16,1,31/01/2025,MT,N,NON,,,,,,161,07/11/2024,85,semaine12,1,Eplynx
16,2,31/01/2025,MT,N,NON,,,,,,162,07/11/2024,85,semaine12,1,Eplynx
17,1,31/01/2025,MT,N,NON,,,,,,171,07/11/2024,85,semaine12,1,
17,2,31/01/2025,MT,N,NON,,,,,,172,07/11/2024,85,semaine12,1,
18,1,31/01/2025,MT,N,NON,,,,,,181,07/11/2024,85,semaine12,1,Eplynx
18,2,31/01/2025,MT,N,NON,,,,,,182,07/11/2024,85,semaine12,1,Eplynx
19,1,31/01/2025,MT,N,NON,,,,,,191,07/11/2024,85,semaine12,1,
19,2,31/01/2025,MT,N,NON,,,,,,192,07/11/2024,85,semaine12,1,
20,1,31/01/2025,MT,N,NON,,,,,,201,07/11/2024,85,semaine12,1,Eplynx
20,2,31/01/2025,MT,N,NON,,,,,,202,07/11/2024,85,semaine12,1,Eplynx
21,1,31/01/2025,MT,N,NON,,,,,,211,07/11/2024,85,semaine12,1,
21,2,31/01/2025,MT,N,NON,,,,,,212,07/11/2024,85,semaine12,1,
22,1,31/01/2025,MT,N,NON,,,,,,221,07/11/2024,85,semaine12,1,Eplynx
22,2,31/01/2025,MT,N,NON,,,,,,222,07/11/2024,85,semaine12,1,Eplynx
23,1,31/01/2025,MT,N,NON,,,,,,231,07/11/2024,85,semaine12,1,
23,2,31/01/2025,MT,N,NON,,,,,,232,07/11/2024,85,semaine12,1,
24,1,31/01/2025,MT,N,NON,,,,,,241,07/11/2024,85,semaine12,1,Eplynx
24,2,31/01/2025,MT,N,NON,,,,,,242,07/11/2024,85,semaine12,1,Eplynx
1,1,03/02/2025,MT,N,NON,,,,,,11,06/11/2024,89,semaine13,1,Eplynx
1,2,03/02/2025,MT,N,NON,,,,,,12,06/11/2024,89,semaine13,1,Eplynx
2,1,03/02/2025,MT,N,NON,,,,,,21,06/11/2024,89,semaine13,1,
2,2,03/02/2025,MT,N,NON,,,,,,22,06/11/2024,89,semaine13,1,
3,1,03/02/2025,MT,N,NON,,,,,,31,06/11/2024,89,semaine13,1,
3,2,03/02/2025,MT,N,NON,,,,,,32,06/11/2024,89,semaine13,1,
4,1,03/02/2025,MT,N,NON,,,,,,41,06/11/2024,89,semaine13,1,Eplynx
4,2,03/02/2025,MT,N,NON,,,,,,42,06/11/2024,89,semaine13,1,Eplynx
5,1,03/02/2025,MT,N,NON,,,,,,51,06/11/2024,89,semaine13,1,
5,2,03/02/2025,MT,N,NON,,,,,,52,06/11/2024,89,semaine13,1,
6,1,03/02/2025,MT,N,NON,,,,,,61,06/11/2024,89,semaine13,1,
6,2,03/02/2025,MT,N,NON,,,,,,62,06/11/2024,89,semaine13,1,
7,1,03/02/2025,MT,N,NON,,,,,,71,06/11/2024,89,semaine13,1,
7,2,03/02/2025,MT,N,NON,,,,,,72,06/11/2024,89,semaine13,1,
8,1,03/02/2025,MT,N,NON,,,,,,81,06/11/2024,89,semaine13,1,Eplynx
8,2,03/02/2025,MT,N,NON,,,,,,82,06/11/2024,89,semaine13,1,Eplynx
9,1,03/02/2025,MT,N,NON,,,,,,91,06/11/2024,89,semaine13,1,
9,2,03/02/2025,MT,N,NON,,,,,,92,06/11/2024,89,semaine13,1,
10,1,03/02/2025,MT,N,NON,,,,,,101,06/11/2024,89,semaine13,1,
10,2,03/02/2025,MT,N,NON,,,,,,102,06/11/2024,89,semaine13,1,
11,1,03/02/2025,MT,N,NON,,,,,,111,06/11/2024,89,semaine13,1,Eplynx
11,2,03/02/2025,MT,N,NON,,,,,,112,06/11/2024,89,semaine13,1,Eplynx
12,1,03/02/2025,MT,N,NON,,,,,,121,06/11/2024,89,semaine13,1,
12,2,03/02/2025,MT,N,NON,,,,,,122,06/11/2024,89,semaine13,1,
13,1,07/02/2025,MT,N,NON,,,,,,131,07/11/2024,92,semaine13,1,
13,2,07/02/2025,MT,N,NON,,,,,,132,07/11/2024,92,semaine13,1,
14,1,07/02/2025,MT,N,NON,,,,,,141,07/11/2024,92,semaine13,1,
14,2,07/02/2025,MT,N,NON,,,,,,142,07/11/2024,92,semaine13,1,
15,1,07/02/2025,MT,N,NON,,,,,,151,07/11/2024,92,semaine13,1,
15,2,07/02/2025,MT,N,NON,,,,,,152,07/11/2024,92,semaine13,1,
16,1,07/02/2025,MT,N,NON,,,,,,161,07/11/2024,92,semaine13,1,Eplynx
16,2,07/02/2025,MT,N,NON,,,,,,162,07/11/2024,92,semaine13,1,Eplynx
17,1,07/02/2025,MT,N,NON,,,,,,171,07/11/2024,92,semaine13,1,
17,2,07/02/2025,MT,N,NON,,,,,,172,07/11/2024,92,semaine13,1,
18,1,07/02/2025,MT,N,NON,,,,,,181,07/11/2024,92,semaine13,1,Eplynx
18,2,07/02/2025,MT,N,NON,,,,,,182,07/11/2024,92,semaine13,1,Eplynx
19,1,07/02/2025,MT,N,NON,,,,,,191,07/11/2024,92,semaine13,1,
19,2,07/02/2025,MT,N,NON,,,,,,192,07/11/2024,92,semaine13,1,
20,1,07/02/2025,MT,N,NON,,,,,,201,07/11/2024,92,semaine13,1,Eplynx
20,2,07/02/2025,MT,N,NON,,,,,,202,07/11/2024,92,semaine13,1,Eplynx
21,1,07/02/2025,MT,N,NON,,,,,,211,07/11/2024,92,semaine13,1,
21,2,07/02/2025,MT,N,NON,,,,,,212,07/11/2024,92,semaine13,1,
22,1,07/02/2025,MT,N,NON,,,,,,221,07/11/2024,92,semaine13,1,Eplynx
22,2,07/02/2025,MT,N,NON,,,,,,222,07/11/2024,92,semaine13,1,Eplynx
23,1,07/02/2025,MT,N,NON,,,,,,231,07/11/2024,92,semaine13,1,
23,2,07/02/2025,MT,N,NON,,,,,,232,07/11/2024,92,semaine13,1,
24,1,07/02/2025,MT,N,NON,,,,,,241,07/11/2024,92,semaine13,1,Eplynx
24,2,07/02/2025,MT,N,NON,,,,,,242,07/11/2024,92,semaine13,1,Eplynx
1,1,10/02/2025,JMV,N,NON,,,,,,11,06/11/2024,96,semaine14,1,Eplynx
1,2,10/02/2025,JMV,N,NON,,,,,,12,06/11/2024,96,semaine14,1,Eplynx
2,1,10/02/2025,JMV,N,NON,,,,,,21,06/11/2024,96,semaine14,1,
2,2,10/02/2025,JMV,N,NON,,,,,,22,06/11/2024,96,semaine14,1,
3,1,10/02/2025,JMV,N,NON,,,,,,31,06/11/2024,96,semaine14,1,
3,2,10/02/2025,JMV,N,NON,,,,,,32,06/11/2024,96,semaine14,1,
4,1,10/02/2025,JMV,N,NON,,,,,,41,06/11/2024,96,semaine14,1,Eplynx
4,2,10/02/2025,JMV,N,NON,,,,,,42,06/11/2024,96,semaine14,1,Eplynx
5,1,10/02/2025,JMV,N,NON,,,,,,51,06/11/2024,96,semaine14,1,
5,2,10/02/2025,JMV,N,NON,,,,,,52,06/11/2024,96,semaine14,1,
6,1,10/02/2025,JMV,N,NON,,,,,,61,06/11/2024,96,semaine14,1,
6,2,10/02/2025,JMV,N,NON,,,,,,62,06/11/2024,96,semaine14,1,
7,1,10/02/2025,JMV,N,NON,,,,,,71,06/11/2024,96,semaine14,1,
7,2,10/02/2025,JMV,N,NON,,,,,,72,06/11/2024,96,semaine14,1,
8,1,10/02/2025,JMV,N,NON,,,,,,81,06/11/2024,96,semaine14,1,Eplynx
8,2,10/02/2025,JMV,N,NON,,,,,,82,06/11/2024,96,semaine14,1,Eplynx
9,1,10/02/2025,JMV,N,NON,,,,,,91,06/11/2024,96,semaine14,1,
9,2,10/02/2025,JMV,N,NON,,,,,,92,06/11/2024,96,semaine14,1,
10,1,10/02/2025,JMV,N,NON,,,,,,101,06/11/2024,96,semaine14,1,
10,2,10/02/2025,JMV,N,NON,,,,,,102,06/11/2024,96,semaine14,1,
11,1,10/02/2025,JMV,N,NON,,,,,,111,06/11/2024,96,semaine14,1,Eplynx
11,2,10/02/2025,JMV,N,NON,,,,,,112,06/11/2024,96,semaine14,1,Eplynx
12,1,10/02/2025,JMV,N,NON,,,,,,121,06/11/2024,96,semaine14,1,
12,2,10/02/2025,JMV,N,NON,,,,,,122,06/11/2024,96,semaine14,1,
13,1,14/02/2025,JMV,N,NON,,,,,,131,07/11/2024,99,semaine14,1,
13,2,14/02/2025,JMV,N,NON,,,,,,132,07/11/2024,99,semaine14,1,
14,1,14/02/2025,JMV,N,NON,,,,,,141,07/11/2024,99,semaine14,1,
14,2,14/02/2025,JMV,N,NON,,,,,,142,07/11/2024,99,semaine14,1,
15,1,14/02/2025,JMV,N,NON,,,,,,151,07/11/2024,99,semaine14,1,
15,2,14/02/2025,JMV,N,NON,,,,,,152,07/11/2024,99,semaine14,1,
16,1,14/02/2025,JMV,N,NON,,,,,,161,07/11/2024,99,semaine14,1,Eplynx
16,2,14/02/2025,JMV,N,NON,,,,,,162,07/11/2024,99,semaine14,1,Eplynx
17,1,14/02/2025,JMV,N,NON,,,,,,171,07/11/2024,99,semaine14,1,
17,2,14/02/2025,JMV,N,NON,,,,,,172,07/11/2024,99,semaine14,1,
18,1,14/02/2025,JMV,N,NON,,,,,,181,07/11/2024,99,semaine14,1,Eplynx
18,2,14/02/2025,JMV,N,NON,,,,,,182,07/11/2024,99,semaine14,1,Eplynx
19,1,14/02/2025,JMV,N,NON,,,,,,191,07/11/2024,99,semaine14,1,
19,2,14/02/2025,JMV,N,NON,,,,,,192,07/11/2024,99,semaine14,1,
20,1,14/02/2025,JMV,N,NON,,,,,,201,07/11/2024,99,semaine14,1,Eplynx
20,2,14/02/2025,JMV,N,NON,,,,,,202,07/11/2024,99,semaine14,1,Eplynx
21,1,14/02/2025,JMV,N,NON,,,,,,211,07/11/2024,99,semaine14,1,
21,2,14/02/2025,JMV,N,NON,,,,,,212,07/11/2024,99,semaine14,1,
22,1,14/02/2025,JMV,N,NON,,,,,,221,07/11/2024,99,semaine14,1,Eplynx
22,2,14/02/2025,JMV,N,NON,,,,,,222,07/11/2024,99,semaine14,1,Eplynx
23,1,14/02/2025,JMV,N,NON,,,,,,231,07/11/2024,99,semaine14,1,
23,2,14/02/2025,JMV,N,NON,,,,,,232,07/11/2024,99,semaine14,1,
24,1,14/02/2025,JMV,N,NON,,,,,,241,07/11/2024,99,semaine14,1,Eplynx
24,2,14/02/2025,JMV,N,NON,,,,,,242,07/11/2024,99,semaine14,1,Eplynx
4,2,17/02/2025,MT,N,NON,2,2,1,0,257,42,06/11/2024,103,semaine15,2,
1,1,17/02/2025,MT,N,NON,,,,,,11,06/11/2024,103,semaine15,2,Eplynx
1,2,17/02/2025,MT,N,NON,,,,,,12,06/11/2024,103,semaine15,2,Eplynx
2,1,17/02/2025,MT,N,NON,,,,,,21,06/11/2024,103,semaine15,2,
2,2,17/02/2025,MT,N,NON,,,,,,22,06/11/2024,103,semaine15,2,
3,1,17/02/2025,MT,N,NON,,,,,,31,06/11/2024,103,semaine15,2,
3,2,17/02/2025,MT,N,NON,,,,,,32,06/11/2024,103,semaine15,2,
4,1,17/02/2025,MT,N,NON,,,,,,41,06/11/2024,103,semaine15,2,Eplynx
5,1,17/02/2025,MT,N,NON,,,,,,51,06/11/2024,103,semaine15,2,
5,2,17/02/2025,MT,N,NON,,,,,,52,06/11/2024,103,semaine15,2,
6,1,17/02/2025,MT,N,NON,,,,,,61,06/11/2024,103,semaine15,2,
6,2,17/02/2025,MT,N,NON,,,,,,62,06/11/2024,103,semaine15,2,
7,1,17/02/2025,MT,N,NON,,,,,,71,06/11/2024,103,semaine15,2,
7,2,17/02/2025,MT,N,NON,,,,,,72,06/11/2024,103,semaine15,2,
8,1,17/02/2025,MT,N,NON,,,,,,81,06/11/2024,103,semaine15,2,Eplynx
8,2,17/02/2025,MT,N,NON,,,,,,82,06/11/2024,103,semaine15,2,Eplynx
9,1,17/02/2025,MT,N,NON,,,,,,91,06/11/2024,103,semaine15,2,
9,2,17/02/2025,MT,N,NON,,,,,,92,06/11/2024,103,semaine15,2,
10,1,17/02/2025,MT,N,NON,,,,,,101,06/11/2024,103,semaine15,2,
10,2,17/02/2025,MT,N,NON,,,,,,102,06/11/2024,103,semaine15,2,
11,1,17/02/2025,MT,N,NON,,,,,,111,06/11/2024,103,semaine15,2,Eplynx
11,2,17/02/2025,MT,N,NON,,,,,,112,06/11/2024,103,semaine15,2,Eplynx
12,1,17/02/2025,MT,N,NON,,,,,,121,06/11/2024,103,semaine15,2,
12,2,17/02/2025,MT,N,NON,,,,,,122,06/11/2024,103,semaine15,2,
22,2,19/02/2025,MT,N,NON,14,14,4,4,272,222,07/11/2024,104,semaine15,2,
13,1,19/02/2025,MT,N,NON,,,,,,131,07/11/2024,104,semaine15,2,
13,2,19/02/2025,MT,N,NON,,,,,,132,07/11/2024,104,semaine15,2,
14,1,19/02/2025,MT,N,NON,,,,,,141,07/11/2024,104,semaine15,2,
14,2,19/02/2025,MT,N,NON,,,,,,142,07/11/2024,104,semaine15,2,
15,1,19/02/2025,MT,N,NON,,,,,,151,07/11/2024,104,semaine15,2,
15,2,19/02/2025,MT,N,NON,,,,,,152,07/11/2024,104,semaine15,2,
16,1,19/02/2025,MT,N,NON,,,,,,161,07/11/2024,104,semaine15,2,Eplynx
16,2,19/02/2025,MT,N,NON,,,,,,162,07/11/2024,104,semaine15,2,Eplynx
17,1,19/02/2025,MT,N,NON,,,,,,171,07/11/2024,104,semaine15,2,
17,2,19/02/2025,MT,N,NON,,,,,,172,07/11/2024,104,semaine15,2,
18,1,19/02/2025,MT,N,NON,,,,,,181,07/11/2024,104,semaine15,2,Eplynx
18,2,19/02/2025,MT,N,NON,,,,,,182,07/11/2024,104,semaine15,2,Eplynx
19,1,19/02/2025,MT,N,NON,,,,,,191,07/11/2024,104,semaine15,2,
19,2,19/02/2025,MT,N,NON,,,,,,192,07/11/2024,104,semaine15,2,
20,1,19/02/2025,MT,N,NON,,,,,,201,07/11/2024,104,semaine15,2,Eplynx
20,2,19/02/2025,MT,N,NON,,,,,,202,07/11/2024,104,semaine15,2,Eplynx
21,1,19/02/2025,MT,N,NON,,,,,,211,07/11/2024,104,semaine15,2,
21,2,19/02/2025,MT,N,NON,,,,,,212,07/11/2024,104,semaine15,2,
22,1,19/02/2025,MT,N,NON,,,,,,221,07/11/2024,104,semaine15,2,Eplynx
23,1,19/02/2025,MT,N,NON,,,,,,231,07/11/2024,104,semaine15,2,
23,2,19/02/2025,MT,N,NON,,,,,,232,07/11/2024,104,semaine15,2,
24,1,19/02/2025,MT,N,NON,,,,,,241,07/11/2024,104,semaine15,2,Eplynx
24,2,19/02/2025,MT,N,NON,,,,,,242,07/11/2024,104,semaine15,2,Eplynx
1,1,25/02/2025,JMV,N,NON,,,,,,11,06/11/2024,111,semaine16,2,Eplynx
1,2,25/02/2025,JMV,N,NON,,,,,,12,06/11/2024,111,semaine16,2,Eplynx
2,1,25/02/2025,JMV,N,NON,,,,,,21,06/11/2024,111,semaine16,2,
2,2,25/02/2025,JMV,N,NON,,,,,,22,06/11/2024,111,semaine16,2,
3,1,25/02/2025,JMV,N,NON,,,,,,31,06/11/2024,111,semaine16,2,
3,2,25/02/2025,JMV,N,NON,,,,,,32,06/11/2024,111,semaine16,2,
4,1,25/02/2025,JMV,N,NON,,,,,,41,06/11/2024,111,semaine16,2,Eplynx
4,2,25/02/2025,JMV,N,NON,,,,,,42,06/11/2024,111,semaine16,2,Eplynx
5,1,25/02/2025,JMV,N,NON,,,,,,51,06/11/2024,111,semaine16,2,
5,2,25/02/2025,JMV,N,NON,,,,,,52,06/11/2024,111,semaine16,2,
6,1,25/02/2025,JMV,N,NON,,,,,,61,06/11/2024,111,semaine16,2,
6,2,25/02/2025,JMV,N,NON,,,,,,62,06/11/2024,111,semaine16,2,
7,1,25/02/2025,JMV,N,NON,,,,,,71,06/11/2024,111,semaine16,2,
7,2,25/02/2025,JMV,N,NON,,,,,,72,06/11/2024,111,semaine16,2,
8,1,25/02/2025,JMV,N,NON,,,,,,81,06/11/2024,111,semaine16,2,Eplynx
8,2,25/02/2025,JMV,N,NON,,,,,,82,06/11/2024,111,semaine16,2,Eplynx
9,1,25/02/2025,JMV,N,NON,,,,,,91,06/11/2024,111,semaine16,2,
9,2,25/02/2025,JMV,N,NON,,,,,,92,06/11/2024,111,semaine16,2,
10,1,25/02/2025,JMV,N,NON,,,,,,101,06/11/2024,111,semaine16,2,
10,2,25/02/2025,JMV,N,NON,,,,,,102,06/11/2024,111,semaine16,2,
11,1,25/02/2025,JMV,N,NON,,,,,,111,06/11/2024,111,semaine16,2,Eplynx
11,2,25/02/2025,JMV,N,NON,,,,,,112,06/11/2024,111,semaine16,2,Eplynx
12,1,25/02/2025,JMV,N,NON,,,,,,121,06/11/2024,111,semaine16,2,
12,2,25/02/2025,JMV,N,NON,,,,,,122,06/11/2024,111,semaine16,2,
22,2,27/02/2025,JMV,N,NON,18,18,8,8,316,222,07/11/2024,112,semaine16,2,
13,1,27/02/2025,JMV,N,NON,,,,,,131,07/11/2024,112,semaine16,2,
13,2,27/02/2025,JMV,N,NON,,,,,,132,07/11/2024,112,semaine16,2,
14,1,27/02/2025,JMV,N,NON,,,,,,141,07/11/2024,112,semaine16,2,
14,2,27/02/2025,JMV,N,NON,,,,,,142,07/11/2024,112,semaine16,2,
15,1,27/02/2025,JMV,N,NON,,,,,,151,07/11/2024,112,semaine16,2,
15,2,27/02/2025,JMV,N,NON,,,,,,152,07/11/2024,112,semaine16,2,
16,1,27/02/2025,JMV,N,NON,,,,,,161,07/11/2024,112,semaine16,2,Eplynx
16,2,27/02/2025,JMV,N,NON,,,,,,162,07/11/2024,112,semaine16,2,Eplynx
17,1,27/02/2025,JMV,N,NON,,,,,,171,07/11/2024,112,semaine16,2,
17,2,27/02/2025,JMV,N,NON,,,,,,172,07/11/2024,112,semaine16,2,
18,1,27/02/2025,JMV,N,NON,,,,,,181,07/11/2024,112,semaine16,2,Eplynx
18,2,27/02/2025,JMV,N,NON,,,,,,182,07/11/2024,112,semaine16,2,Eplynx
19,1,27/02/2025,JMV,N,NON,,,,,,191,07/11/2024,112,semaine16,2,
19,2,27/02/2025,JMV,N,NON,,,,,,192,07/11/2024,112,semaine16,2,
20,1,27/02/2025,JMV,N,NON,,,,,,201,07/11/2024,112,semaine16,2,Eplynx
20,2,27/02/2025,JMV,N,NON,,,,,,202,07/11/2024,112,semaine16,2,Eplynx
21,1,27/02/2025,JMV,N,NON,,,,,,211,07/11/2024,112,semaine16,2,
21,2,27/02/2025,JMV,N,NON,,,,,,212,07/11/2024,112,semaine16,2,
22,1,27/02/2025,JMV,N,NON,,,,,,221,07/11/2024,112,semaine16,2,Eplynx
23,1,27/02/2025,JMV,N,NON,,,,,,231,07/11/2024,112,semaine16,2,
23,2,27/02/2025,JMV,N,NON,,,,,,232,07/11/2024,112,semaine16,2,
24,1,27/02/2025,JMV,N,NON,,,,,,241,07/11/2024,112,semaine16,2,Eplynx
24,2,27/02/2025,JMV,N,NON,,,,,,242,07/11/2024,112,semaine16,2,Eplynx
4,2,05/03/2025,MT,N,OUI,5,5,1,0,258,42,05/03/2025,0,semaine1,2,
1,1,05/03/2025,MT,N,OUI,,,,,,11,05/03/2025,0,semaine1,2,Eplynx
1,2,05/03/2025,MT,N,OUI,,,,,,12,05/03/2025,0,semaine1,2,Eplynx
2,1,05/03/2025,MT,N,OUI,,,,,,21,05/03/2025,0,semaine1,2,
2,2,05/03/2025,MT,N,OUI,,,,,,22,05/03/2025,0,semaine1,2,
3,1,05/03/2025,MT,N,OUI,,,,,,31,05/03/2025,0,semaine1,2,
3,2,05/03/2025,MT,N,OUI,,,,,,32,05/03/2025,0,semaine1,2,
4,1,05/03/2025,MT,N,OUI,,,,,,41,05/03/2025,0,semaine1,2,Eplynx
5,1,05/03/2025,MT,N,OUI,,,,,,51,05/03/2025,0,semaine1,2,
5,2,05/03/2025,MT,N,OUI,,,,,,52,05/03/2025,0,semaine1,2,
6,1,05/03/2025,MT,N,OUI,,,,,,61,05/03/2025,0,semaine1,2,
6,2,05/03/2025,MT,N,OUI,,,,,,62,05/03/2025,0,semaine1,2,
7,1,05/03/2025,MT,N,OUI,,,,,,71,05/03/2025,0,semaine1,2,
7,2,05/03/2025,MT,N,OUI,,,,,,72,05/03/2025,0,semaine1,2,
8,1,05/03/2025,MT,N,OUI,,,,,,81,05/03/2025,0,semaine1,2,Eplynx
8,2,05/03/2025,MT,N,OUI,,,,,,82,05/03/2025,0,semaine1,2,Eplynx
9,1,05/03/2025,MT,N,OUI,,,,,,91,05/03/2025,0,semaine1,2,
9,2,05/03/2025,MT,N,OUI,,,,,,92,05/03/2025,0,semaine1,2,
10,1,05/03/2025,MT,N,OUI,,,,,,101,05/03/2025,0,semaine1,2,
10,2,05/03/2025,MT,N,OUI,,,,,,102,05/03/2025,0,semaine1,2,
11,1,05/03/2025,MT,N,OUI,,,,,,111,05/03/2025,0,semaine1,2,Eplynx
11,2,05/03/2025,MT,N,OUI,,,,,,112,05/03/2025,0,semaine1,2,Eplynx
12,1,05/03/2025,MT,N,OUI,,,,,,121,05/03/2025,0,semaine1,2,
12,2,05/03/2025,MT,N,OUI,,,,,,122,05/03/2025,0,semaine1,2,
16,2,07/03/2025,MT,N,OUI,1,1,0,0,352,162,07/03/2025,0,semaine1,2,
22,2,07/03/2025,MT,N,OUI,34,34,4,4,360,222,07/03/2025,0,semaine1,2,
13,1,07/03/2025,MT,N,OUI,,,,,,131,07/03/2025,0,semaine1,2,
13,2,07/03/2025,MT,N,OUI,,,,,,132,07/03/2025,0,semaine1,2,
14,1,07/03/2025,MT,N,OUI,,,,,,141,07/03/2025,0,semaine1,2,
14,2,07/03/2025,MT,N,OUI,,,,,,142,07/03/2025,0,semaine1,2,
15,1,07/03/2025,MT,N,OUI,,,,,,151,07/03/2025,0,semaine1,2,
15,2,07/03/2025,MT,N,OUI,,,,,,152,07/03/2025,0,semaine1,2,
16,1,07/03/2025,MT,N,OUI,,,,,,161,07/03/2025,0,semaine1,2,Eplynx
17,1,07/03/2025,MT,N,OUI,,,,,,171,07/03/2025,0,semaine1,2,
17,2,07/03/2025,MT,N,OUI,,,,,,172,07/03/2025,0,semaine1,2,
18,1,07/03/2025,MT,N,OUI,,,,,,181,07/03/2025,0,semaine1,2,Eplynx
18,2,07/03/2025,MT,N,OUI,,,,,,182,07/03/2025,0,semaine1,2,Eplynx
19,1,07/03/2025,MT,N,OUI,,,,,,191,07/03/2025,0,semaine1,2,
19,2,07/03/2025,MT,N,OUI,,,,,,192,07/03/2025,0,semaine1,2,
20,1,07/03/2025,MT,N,OUI,,,,,,201,07/03/2025,0,semaine1,2,Eplynx
20,2,07/03/2025,MT,N,OUI,,,,,,202,07/03/2025,0,semaine1,2,Eplynx
21,1,07/03/2025,MT,N,OUI,,,,,,211,07/03/2025,0,semaine1,2,
21,2,07/03/2025,MT,N,OUI,,,,,,212,07/03/2025,0,semaine1,2,
22,1,07/03/2025,MT,N,OUI,,,,,,221,07/03/2025,0,semaine1,2,Eplynx
23,1,07/03/2025,MT,N,OUI,,,,,,231,07/03/2025,0,semaine1,2,
23,2,07/03/2025,MT,N,OUI,,,,,,232,07/03/2025,0,semaine1,2,
24,1,07/03/2025,MT,N,OUI,,,,,,241,07/03/2025,0,semaine1,2,Eplynx
24,2,07/03/2025,MT,N,OUI,,,,,,242,07/03/2025,0,semaine1,2,Eplynx
1,1,11/03/2025,MT,O,NON,0,0,0,0,373,11,05/03/2025,6,semaine1,2,Eplynx
1,2,11/03/2025,MT,N,NON,,,,,,12,05/03/2025,6,semaine1,2,Eplynx
2,1,11/03/2025,MT,N,NON,,,,,,21,05/03/2025,6,semaine1,2,
2,2,11/03/2025,MT,N,NON,,,,,,22,05/03/2025,6,semaine1,2,
3,1,11/03/2025,MT,N,NON,,,,,,31,05/03/2025,6,semaine1,2,
3,2,11/03/2025,MT,N,NON,,,,,,32,05/03/2025,6,semaine1,2,
4,1,11/03/2025,MT,N,NON,,,,,,41,05/03/2025,6,semaine1,2,Eplynx
4,2,11/03/2025,MT,N,NON,,,,,,42,05/03/2025,6,semaine1,2,Eplynx
5,1,11/03/2025,MT,N,NON,,,,,,51,05/03/2025,6,semaine1,2,
5,2,11/03/2025,MT,N,NON,,,,,,52,05/03/2025,6,semaine1,2,
6,1,11/03/2025,MT,N,NON,,,,,,61,05/03/2025,6,semaine1,2,
6,2,11/03/2025,MT,N,NON,,,,,,62,05/03/2025,6,semaine1,2,
7,1,11/03/2025,MT,N,NON,,,,,,71,05/03/2025,6,semaine1,2,
7,2,11/03/2025,MT,N,NON,,,,,,72,05/03/2025,6,semaine1,2,
8,1,11/03/2025,MT,N,NON,,,,,,81,05/03/2025,6,semaine1,2,Eplynx
8,2,11/03/2025,MT,N,NON,,,,,,82,05/03/2025,6,semaine1,2,Eplynx
9,1,11/03/2025,MT,N,NON,,,,,,91,05/03/2025,6,semaine1,2,
9,2,11/03/2025,MT,N,NON,,,,,,92,05/03/2025,6,semaine1,2,
10,1,11/03/2025,MT,N,NON,,,,,,101,05/03/2025,6,semaine1,2,
10,2,11/03/2025,MT,N,NON,,,,,,102,05/03/2025,6,semaine1,2,
11,1,11/03/2025,MT,N,NON,,,,,,111,05/03/2025,6,semaine1,2,Eplynx
11,2,11/03/2025,MT,N,NON,,,,,,112,05/03/2025,6,semaine1,2,Eplynx
12,1,11/03/2025,MT,N,NON,,,,,,121,05/03/2025,6,semaine1,2,
12,2,11/03/2025,MT,N,NON,,,,,,122,05/03/2025,6,semaine1,2,
22,1,12/03/2025,MT,N,NON,0,0,0,0,365,221,07/03/2025,5,semaine1,2,Eplynx
13,1,12/03/2025,MT,N,NON,,,,,,131,07/03/2025,5,semaine1,2,
13,2,12/03/2025,MT,N,NON,,,,,,132,07/03/2025,5,semaine1,2,
14,1,12/03/2025,MT,N,NON,,,,,,141,07/03/2025,5,semaine1,2,
14,2,12/03/2025,MT,N,NON,,,,,,142,07/03/2025,5,semaine1,2,
15,1,12/03/2025,MT,N,NON,,,,,,151,07/03/2025,5,semaine1,2,
15,2,12/03/2025,MT,N,NON,,,,,,152,07/03/2025,5,semaine1,2,
16,1,12/03/2025,MT,N,NON,,,,,,161,07/03/2025,5,semaine1,2,Eplynx
16,2,12/03/2025,MT,N,NON,,,,,,162,07/03/2025,5,semaine1,2,Eplynx
17,1,12/03/2025,MT,N,NON,,,,,,171,07/03/2025,5,semaine1,2,
17,2,12/03/2025,MT,N,NON,,,,,,172,07/03/2025,5,semaine1,2,
18,1,12/03/2025,MT,N,NON,,,,,,181,07/03/2025,5,semaine1,2,Eplynx
18,2,12/03/2025,MT,N,NON,,,,,,182,07/03/2025,5,semaine1,2,Eplynx
19,1,12/03/2025,MT,N,NON,,,,,,191,07/03/2025,5,semaine1,2,
19,2,12/03/2025,MT,N,NON,,,,,,192,07/03/2025,5,semaine1,2,
20,1,12/03/2025,MT,N,NON,,,,,,201,07/03/2025,5,semaine1,2,Eplynx
20,2,12/03/2025,MT,N,NON,,,,,,202,07/03/2025,5,semaine1,2,Eplynx
21,1,12/03/2025,MT,N,NON,,,,,,211,07/03/2025,5,semaine1,2,
21,2,12/03/2025,MT,N,NON,,,,,,212,07/03/2025,5,semaine1,2,
22,2,12/03/2025,MT,N,NON,,,,,,222,07/03/2025,5,semaine1,2,Eplynx
23,1,12/03/2025,MT,N,NON,,,,,,231,07/03/2025,5,semaine1,2,
23,2,12/03/2025,MT,N,NON,,,,,,232,07/03/2025,5,semaine1,2,
24,1,12/03/2025,MT,N,NON,,,,,,241,07/03/2025,5,semaine1,2,Eplynx
24,2,12/03/2025,MT,N,NON,,,,,,242,07/03/2025,5,semaine1,2,Eplynx
1,1,17/03/2025,MT,N,NON,,,,,,11,05/03/2025,12,semaine2,2,Eplynx
1,2,17/03/2025,MT,N,NON,,,,,,12,05/03/2025,12,semaine2,2,Eplynx
2,1,17/03/2025,MT,N,NON,,,,,,21,05/03/2025,12,semaine2,2,
2,2,17/03/2025,MT,N,NON,,,,,,22,05/03/2025,12,semaine2,2,
3,1,17/03/2025,MT,N,NON,,,,,,31,05/03/2025,12,semaine2,2,
3,2,17/03/2025,MT,N,NON,,,,,,32,05/03/2025,12,semaine2,2,
4,1,17/03/2025,MT,N,NON,,,,,,41,05/03/2025,12,semaine2,2,Eplynx
4,2,17/03/2025,MT,N,NON,,,,,,42,05/03/2025,12,semaine2,2,Eplynx
5,1,17/03/2025,MT,N,NON,,,,,,51,05/03/2025,12,semaine2,2,
5,2,17/03/2025,MT,N,NON,,,,,,52,05/03/2025,12,semaine2,2,
6,1,17/03/2025,MT,N,NON,,,,,,61,05/03/2025,12,semaine2,2,
6,2,17/03/2025,MT,N,NON,,,,,,62,05/03/2025,12,semaine2,2,
7,1,17/03/2025,MT,N,NON,,,,,,71,05/03/2025,12,semaine2,2,
7,2,17/03/2025,MT,N,NON,,,,,,72,05/03/2025,12,semaine2,2,
8,1,17/03/2025,MT,N,NON,,,,,,81,05/03/2025,12,semaine2,2,Eplynx
8,2,17/03/2025,MT,N,NON,,,,,,82,05/03/2025,12,semaine2,2,Eplynx
9,1,17/03/2025,MT,N,NON,,,,,,91,05/03/2025,12,semaine2,2,
9,2,17/03/2025,MT,N,NON,,,,,,92,05/03/2025,12,semaine2,2,
10,1,17/03/2025,MT,N,NON,,,,,,101,05/03/2025,12,semaine2,2,
10,2,17/03/2025,MT,N,NON,,,,,,102,05/03/2025,12,semaine2,2,
11,1,17/03/2025,MT,N,NON,,,,,,111,05/03/2025,12,semaine2,2,Eplynx
11,2,17/03/2025,MT,N,NON,,,,,,112,05/03/2025,12,semaine2,2,Eplynx
12,1,17/03/2025,MT,N,NON,,,,,,121,05/03/2025,12,semaine2,2,
12,2,17/03/2025,MT,N,NON,,,,,,122,05/03/2025,12,semaine2,2,
16,1,20/03/2025,JMV,N,NON,4,4,2,2,397,161,07/03/2025,13,semaine2,2,
16,1,20/03/2025,JMV,N,NON,10,10,10,10,397,161,07/03/2025,13,semaine2,2,
18,1,20/03/2025,JMV,N,NON,10,10,10,10,387,181,07/03/2025,13,semaine2,2,
13,1,20/03/2025,JMV,N,NON,,,,,,131,07/03/2025,13,semaine2,2,
13,2,20/03/2025,JMV,N,NON,,,,,,132,07/03/2025,13,semaine2,2,
14,1,20/03/2025,JMV,N,NON,,,,,,141,07/03/2025,13,semaine2,2,
14,2,20/03/2025,JMV,N,NON,,,,,,142,07/03/2025,13,semaine2,2,
15,1,20/03/2025,JMV,N,NON,,,,,,151,07/03/2025,13,semaine2,2,
15,2,20/03/2025,JMV,N,NON,,,,,,152,07/03/2025,13,semaine2,2,
16,2,20/03/2025,JMV,N,NON,,,,,,162,07/03/2025,13,semaine2,2,Eplynx
17,1,20/03/2025,JMV,N,NON,,,,,,171,07/03/2025,13,semaine2,2,
17,2,20/03/2025,JMV,N,NON,,,,,,172,07/03/2025,13,semaine2,2,
18,2,20/03/2025,JMV,N,NON,,,,,,182,07/03/2025,13,semaine2,2,Eplynx
19,1,20/03/2025,JMV,N,NON,,,,,,191,07/03/2025,13,semaine2,2,
19,2,20/03/2025,JMV,N,NON,,,,,,192,07/03/2025,13,semaine2,2,
20,1,20/03/2025,JMV,N,NON,,,,,,201,07/03/2025,13,semaine2,2,Eplynx
20,2,20/03/2025,JMV,N,NON,,,,,,202,07/03/2025,13,semaine2,2,Eplynx
21,1,20/03/2025,JMV,N,NON,,,,,,211,07/03/2025,13,semaine2,2,
21,2,20/03/2025,JMV,N,NON,,,,,,212,07/03/2025,13,semaine2,2,
22,1,20/03/2025,JMV,N,NON,,,,,,221,07/03/2025,13,semaine2,2,Eplynx
22,2,20/03/2025,JMV,N,NON,,,,,,222,07/03/2025,13,semaine2,2,Eplynx
23,1,20/03/2025,JMV,N,NON,,,,,,231,07/03/2025,13,semaine2,2,
23,2,20/03/2025,JMV,N,NON,,,,,,232,07/03/2025,13,semaine2,2,
24,1,20/03/2025,JMV,N,NON,,,,,,241,07/03/2025,13,semaine2,2,Eplynx
24,2,20/03/2025,JMV,N,NON,,,,,,242,07/03/2025,13,semaine2,2,Eplynx
2,1,25/03/2025,MT,N,NON,0,0,0,0,375,21,05/03/2025,20,semaine3,2,
1,1,25/03/2025,MT,N,NON,,,,,,11,05/03/2025,20,semaine3,2,Eplynx
1,2,25/03/2025,MT,N,NON,,,,,,12,05/03/2025,20,semaine3,2,Eplynx
2,2,25/03/2025,MT,N,NON,,,,,,22,05/03/2025,20,semaine3,2,
3,1,25/03/2025,MT,N,NON,,,,,,31,05/03/2025,20,semaine3,2,
3,2,25/03/2025,MT,N,NON,,,,,,32,05/03/2025,20,semaine3,2,
4,1,25/03/2025,MT,N,NON,,,,,,41,05/03/2025,20,semaine3,2,Eplynx
4,2,25/03/2025,MT,N,NON,,,,,,42,05/03/2025,20,semaine3,2,Eplynx
5,1,25/03/2025,MT,N,NON,,,,,,51,05/03/2025,20,semaine3,2,
5,2,25/03/2025,MT,N,NON,,,,,,52,05/03/2025,20,semaine3,2,
6,1,25/03/2025,MT,N,NON,,,,,,61,05/03/2025,20,semaine3,2,
6,2,25/03/2025,MT,N,NON,,,,,,62,05/03/2025,20,semaine3,2,
7,1,25/03/2025,MT,N,NON,,,,,,71,05/03/2025,20,semaine3,2,
7,2,25/03/2025,MT,N,NON,,,,,,72,05/03/2025,20,semaine3,2,
8,1,25/03/2025,MT,N,NON,,,,,,81,05/03/2025,20,semaine3,2,Eplynx
8,2,25/03/2025,MT,N,NON,,,,,,82,05/03/2025,20,semaine3,2,Eplynx
9,1,25/03/2025,MT,N,NON,,,,,,91,05/03/2025,20,semaine3,2,
9,2,25/03/2025,MT,N,NON,,,,,,92,05/03/2025,20,semaine3,2,
10,1,25/03/2025,MT,N,NON,,,,,,101,05/03/2025,20,semaine3,2,
10,2,25/03/2025,MT,N,NON,,,,,,102,05/03/2025,20,semaine3,2,
11,1,25/03/2025,MT,N,NON,,,,,,111,05/03/2025,20,semaine3,2,Eplynx
11,2,25/03/2025,MT,N,NON,,,,,,112,05/03/2025,20,semaine3,2,Eplynx
12,1,25/03/2025,MT,N,NON,,,,,,121,05/03/2025,20,semaine3,2,
12,2,25/03/2025,MT,N,NON,,,,,,122,05/03/2025,20,semaine3,2,
16,1,28/03/2025,MT,N,NON,10,10,4,4,397,161,07/03/2025,21,semaine3,2,
16,1,28/03/2025,MT,N,NON,6,6,0,0,397,161,07/03/2025,21,semaine3,2,
22,1,28/03/2025,MT,N,NON,10,10,10,10,443,221,07/03/2025,21,semaine3,2,
22,1,28/03/2025,MT,N,NON,10,10,10,10,443,221,07/03/2025,21,semaine3,2,
18,1,28/03/2025,MT,N,NON,3,3,1,1,387,181,07/03/2025,21,semaine3,2,
13,1,28/03/2025,MT,N,NON,,,,,,131,07/03/2025,21,semaine3,2,
13,2,28/03/2025,MT,N,NON,,,,,,132,07/03/2025,21,semaine3,2,
14,1,28/03/2025,MT,N,NON,,,,,,141,07/03/2025,21,semaine3,2,
14,2,28/03/2025,MT,N,NON,,,,,,142,07/03/2025,21,semaine3,2,
15,1,28/03/2025,MT,N,NON,,,,,,151,07/03/2025,21,semaine3,2,
15,2,28/03/2025,MT,N,NON,,,,,,152,07/03/2025,21,semaine3,2,
16,2,28/03/2025,MT,N,NON,,,,,,162,07/03/2025,21,semaine3,2,Eplynx
17,1,28/03/2025,MT,N,NON,,,,,,171,07/03/2025,21,semaine3,2,
17,2,28/03/2025,MT,N,NON,,,,,,172,07/03/2025,21,semaine3,2,
18,2,28/03/2025,MT,N,NON,,,,,,182,07/03/2025,21,semaine3,2,Eplynx
19,1,28/03/2025,MT,N,NON,,,,,,191,07/03/2025,21,semaine3,2,
19,2,28/03/2025,MT,N,NON,,,,,,192,07/03/2025,21,semaine3,2,
20,1,28/03/2025,MT,N,NON,,,,,,201,07/03/2025,21,semaine3,2,Eplynx
20,2,28/03/2025,MT,N,NON,,,,,,202,07/03/2025,21,semaine3,2,Eplynx
21,1,28/03/2025,MT,N,NON,,,,,,211,07/03/2025,21,semaine3,2,
21,2,28/03/2025,MT,N,NON,,,,,,212,07/03/2025,21,semaine3,2,
22,2,28/03/2025,MT,N,NON,,,,,,222,07/03/2025,21,semaine3,2,Eplynx
23,1,28/03/2025,MT,N,NON,,,,,,231,07/03/2025,21,semaine3,2,
23,2,28/03/2025,MT,N,NON,,,,,,232,07/03/2025,21,semaine3,2,
24,1,28/03/2025,MT,N,NON,,,,,,241,07/03/2025,21,semaine3,2,Eplynx
24,2,28/03/2025,MT,N,NON,,,,,,242,07/03/2025,21,semaine3,2,Eplynx
1,1,31/03/2025,MT,N,NON,,,,,,11,05/03/2025,26,semaine4,2,Eplynx
1,2,31/03/2025,MT,N,NON,,,,,,12,05/03/2025,26,semaine4,2,Eplynx
2,1,31/03/2025,MT,N,NON,,,,,,21,05/03/2025,26,semaine4,2,
2,2,31/03/2025,MT,N,NON,,,,,,22,05/03/2025,26,semaine4,2,
3,1,31/03/2025,MT,N,NON,,,,,,31,05/03/2025,26,semaine4,2,
3,2,31/03/2025,MT,N,NON,,,,,,32,05/03/2025,26,semaine4,2,
4,1,31/03/2025,MT,N,NON,,,,,,41,05/03/2025,26,semaine4,2,Eplynx
4,2,31/03/2025,MT,N,NON,,,,,,42,05/03/2025,26,semaine4,2,Eplynx
5,1,31/03/2025,MT,N,NON,,,,,,51,05/03/2025,26,semaine4,2,
5,2,31/03/2025,MT,N,NON,,,,,,52,05/03/2025,26,semaine4,2,
6,1,31/03/2025,MT,N,NON,,,,,,61,05/03/2025,26,semaine4,2,
6,2,31/03/2025,MT,N,NON,,,,,,62,05/03/2025,26,semaine4,2,
7,1,31/03/2025,MT,N,NON,,,,,,71,05/03/2025,26,semaine4,2,
7,2,31/03/2025,MT,N,NON,,,,,,72,05/03/2025,26,semaine4,2,
8,1,31/03/2025,MT,N,NON,,,,,,81,05/03/2025,26,semaine4,2,Eplynx
8,2,31/03/2025,MT,N,NON,,,,,,82,05/03/2025,26,semaine4,2,Eplynx
9,1,31/03/2025,MT,N,NON,,,,,,91,05/03/2025,26,semaine4,2,
9,2,31/03/2025,MT,N,NON,,,,,,92,05/03/2025,26,semaine4,2,
10,1,31/03/2025,MT,N,NON,,,,,,101,05/03/2025,26,semaine4,2,
10,2,31/03/2025,MT,N,NON,,,,,,102,05/03/2025,26,semaine4,2,
11,1,31/03/2025,MT,N,NON,,,,,,111,05/03/2025,26,semaine4,2,Eplynx
11,2,31/03/2025,MT,N,NON,,,,,,112,05/03/2025,26,semaine4,2,Eplynx
12,1,31/03/2025,MT,N,NON,,,,,,121,05/03/2025,26,semaine4,2,
12,2,31/03/2025,MT,N,NON,,,,,,122,05/03/2025,26,semaine4,2,
16,1,03/04/2025,MT,N,NON,0,0,0,0,397,161,07/03/2025,27,semaine4,2,Eplynx
18,1,03/04/2025,MT,N,NON,0,0,0,0,387,181,07/03/2025,27,semaine4,2,Eplynx
18,1,03/04/2025,MT,N,NON,0,0,0,0,387,181,07/03/2025,27,semaine4,2,Eplynx
13,1,03/04/2025,MT,N,NON,,,,,,131,07/03/2025,27,semaine4,2,
13,2,03/04/2025,MT,N,NON,,,,,,132,07/03/2025,27,semaine4,2,
14,1,03/04/2025,MT,N,NON,,,,,,141,07/03/2025,27,semaine4,2,
14,2,03/04/2025,MT,N,NON,,,,,,142,07/03/2025,27,semaine4,2,
15,1,03/04/2025,MT,N,NON,,,,,,151,07/03/2025,27,semaine4,2,
15,2,03/04/2025,MT,N,NON,,,,,,152,07/03/2025,27,semaine4,2,
16,2,03/04/2025,MT,N,NON,,,,,,162,07/03/2025,27,semaine4,2,Eplynx
17,1,03/04/2025,MT,N,NON,,,,,,171,07/03/2025,27,semaine4,2,
17,2,03/04/2025,MT,N,NON,,,,,,172,07/03/2025,27,semaine4,2,
18,2,03/04/2025,MT,N,NON,,,,,,182,07/03/2025,27,semaine4,2,Eplynx
19,1,03/04/2025,MT,N,NON,,,,,,191,07/03/2025,27,semaine4,2,
19,2,03/04/2025,MT,N,NON,,,,,,192,07/03/2025,27,semaine4,2,
20,1,03/04/2025,MT,N,NON,,,,,,201,07/03/2025,27,semaine4,2,Eplynx
20,2,03/04/2025,MT,N,NON,,,,,,202,07/03/2025,27,semaine4,2,Eplynx
21,1,03/04/2025,MT,N,NON,,,,,,211,07/03/2025,27,semaine4,2,
21,2,03/04/2025,MT,N,NON,,,,,,212,07/03/2025,27,semaine4,2,
22,1,03/04/2025,MT,N,NON,,,,,,221,07/03/2025,27,semaine4,2,Eplynx
22,2,03/04/2025,MT,N,NON,,,,,,222,07/03/2025,27,semaine4,2,Eplynx
23,1,03/04/2025,MT,N,NON,,,,,,231,07/03/2025,27,semaine4,2,
23,2,03/04/2025,MT,N,NON,,,,,,232,07/03/2025,27,semaine4,2,
24,1,03/04/2025,MT,N,NON,,,,,,241,07/03/2025,27,semaine4,2,Eplynx
24,2,03/04/2025,MT,N,NON,,,,,,242,07/03/2025,27,semaine4,2,Eplynx
4,1,07/04/2025,MT,N,NON,0,0,0,0,487,41,05/03/2025,33,semaine5,2,Eplynx
9,1,07/04/2025,MT,N,NON,0,0,0,0,405,91,05/03/2025,33,semaine5,2,
1,1,07/04/2025,MT,N,NON,,,,,,11,05/03/2025,33,semaine5,2,Eplynx
1,2,07/04/2025,MT,N,NON,,,,,,12,05/03/2025,33,semaine5,2,Eplynx
2,1,07/04/2025,MT,N,NON,,,,,,21,05/03/2025,33,semaine5,2,
2,2,07/04/2025,MT,N,NON,,,,,,22,05/03/2025,33,semaine5,2,
3,1,07/04/2025,MT,N,NON,,,,,,31,05/03/2025,33,semaine5,2,
3,2,07/04/2025,MT,N,NON,,,,,,32,05/03/2025,33,semaine5,2,
4,2,07/04/2025,MT,N,NON,,,,,,42,05/03/2025,33,semaine5,2,Eplynx
5,1,07/04/2025,MT,N,NON,,,,,,51,05/03/2025,33,semaine5,2,
5,2,07/04/2025,MT,N,NON,,,,,,52,05/03/2025,33,semaine5,2,
6,1,07/04/2025,MT,N,NON,,,,,,61,05/03/2025,33,semaine5,2,
6,2,07/04/2025,MT,N,NON,,,,,,62,05/03/2025,33,semaine5,2,
7,1,07/04/2025,MT,N,NON,,,,,,71,05/03/2025,33,semaine5,2,
7,2,07/04/2025,MT,N,NON,,,,,,72,05/03/2025,33,semaine5,2,
8,1,07/04/2025,MT,N,NON,,,,,,81,05/03/2025,33,semaine5,2,Eplynx
8,2,07/04/2025,MT,N,NON,,,,,,82,05/03/2025,33,semaine5,2,Eplynx
9,2,07/04/2025,MT,N,NON,,,,,,92,05/03/2025,33,semaine5,2,
10,1,07/04/2025,MT,N,NON,,,,,,101,05/03/2025,33,semaine5,2,
10,2,07/04/2025,MT,N,NON,,,,,,102,05/03/2025,33,semaine5,2,
11,1,07/04/2025,MT,N,NON,,,,,,111,05/03/2025,33,semaine5,2,Eplynx
11,2,07/04/2025,MT,N,NON,,,,,,112,05/03/2025,33,semaine5,2,Eplynx
12,1,07/04/2025,MT,N,NON,,,,,,121,05/03/2025,33,semaine5,2,
12,2,07/04/2025,MT,N,NON,,,,,,122,05/03/2025,33,semaine5,2,
14,2,11/04/2025,MT,N,NON,0,0,0,0,60,142,07/03/2025,35,semaine5,2,
18,2,11/04/2025,MT,N,NON,0,0,0,0,388,182,07/03/2025,35,semaine5,2,Eplynx
22,2,11/04/2025,MT,N,NON,0,0,0,0,444,222,07/03/2025,35,semaine5,2,Eplynx
22,1,11/04/2025,MT,N,NON,1,1,1,0,443,221,07/03/2025,35,semaine5,2,
24,1,11/04/2025,MT,N,NON,0,0,0,0,411,241,07/03/2025,35,semaine5,2,Eplynx
13,1,11/04/2025,MT,N,NON,,,,,,131,07/03/2025,35,semaine5,2,
13,2,11/04/2025,MT,N,NON,,,,,,132,07/03/2025,35,semaine5,2,
14,1,11/04/2025,MT,N,NON,,,,,,141,07/03/2025,35,semaine5,2,
15,1,11/04/2025,MT,N,NON,,,,,,151,07/03/2025,35,semaine5,2,
15,2,11/04/2025,MT,N,NON,,,,,,152,07/03/2025,35,semaine5,2,
16,1,11/04/2025,MT,N,NON,,,,,,161,07/03/2025,35,semaine5,2,Eplynx
16,2,11/04/2025,MT,N,NON,,,,,,162,07/03/2025,35,semaine5,2,Eplynx
17,1,11/04/2025,MT,N,NON,,,,,,171,07/03/2025,35,semaine5,2,
17,2,11/04/2025,MT,N,NON,,,,,,172,07/03/2025,35,semaine5,2,
18,1,11/04/2025,MT,N,NON,,,,,,181,07/03/2025,35,semaine5,2,Eplynx
19,1,11/04/2025,MT,N,NON,,,,,,191,07/03/2025,35,semaine5,2,
19,2,11/04/2025,MT,N,NON,,,,,,192,07/03/2025,35,semaine5,2,
20,1,11/04/2025,MT,N,NON,,,,,,201,07/03/2025,35,semaine5,2,Eplynx
20,2,11/04/2025,MT,N,NON,,,,,,202,07/03/2025,35,semaine5,2,Eplynx
21,1,11/04/2025,MT,N,NON,,,,,,211,07/03/2025,35,semaine5,2,
21,2,11/04/2025,MT,N,NON,,,,,,212,07/03/2025,35,semaine5,2,
23,1,11/04/2025,MT,N,NON,,,,,,231,07/03/2025,35,semaine5,2,
23,2,11/04/2025,MT,N,NON,,,,,,232,07/03/2025,35,semaine5,2,
24,2,11/04/2025,MT,N,NON,,,,,,242,07/03/2025,35,semaine5,2,Eplynx
4,2,14/04/2025,MT,N,NON,12,12,4,0,488,42,05/03/2025,40,semaine6,2,
6,1,14/04/2025,MT,N,NON,0,0,0,0,0,61,05/03/2025,40,semaine6,2,
8,1,14/04/2025,MT,N,NON,0,0,0,0,403,81,05/03/2025,40,semaine6,2,Eplynx
12,1,14/04/2025,MT,N,NON,0,0,0,0,437,121,05/03/2025,40,semaine6,2,
1,1,14/04/2025,MT,N,NON,,,,,,11,05/03/2025,40,semaine6,2,Eplynx
1,2,14/04/2025,MT,N,NON,,,,,,12,05/03/2025,40,semaine6,2,Eplynx
2,1,14/04/2025,MT,N,NON,,,,,,21,05/03/2025,40,semaine6,2,
2,2,14/04/2025,MT,N,NON,,,,,,22,05/03/2025,40,semaine6,2,
3,1,14/04/2025,MT,N,NON,,,,,,31,05/03/2025,40,semaine6,2,
3,2,14/04/2025,MT,N,NON,,,,,,32,05/03/2025,40,semaine6,2,
4,1,14/04/2025,MT,N,NON,,,,,,41,05/03/2025,40,semaine6,2,Eplynx
5,1,14/04/2025,MT,N,NON,,,,,,51,05/03/2025,40,semaine6,2,
5,2,14/04/2025,MT,N,NON,,,,,,52,05/03/2025,40,semaine6,2,
6,2,14/04/2025,MT,N,NON,,,,,,62,05/03/2025,40,semaine6,2,
7,1,14/04/2025,MT,N,NON,,,,,,71,05/03/2025,40,semaine6,2,
7,2,14/04/2025,MT,N,NON,,,,,,72,05/03/2025,40,semaine6,2,
8,2,14/04/2025,MT,N,NON,,,,,,82,05/03/2025,40,semaine6,2,Eplynx
9,1,14/04/2025,MT,N,NON,,,,,,91,05/03/2025,40,semaine6,2,
9,2,14/04/2025,MT,N,NON,,,,,,92,05/03/2025,40,semaine6,2,
10,1,14/04/2025,MT,N,NON,,,,,,101,05/03/2025,40,semaine6,2,
10,2,14/04/2025,MT,N,NON,,,,,,102,05/03/2025,40,semaine6,2,
11,1,14/04/2025,MT,N,NON,,,,,,111,05/03/2025,40,semaine6,2,Eplynx
11,2,14/04/2025,MT,N,NON,,,,,,112,05/03/2025,40,semaine6,2,Eplynx
12,2,14/04/2025,MT,N,NON,,,,,,122,05/03/2025,40,semaine6,2,
18,1,18/04/2025,MT,N,NON,0,0,0,0,387,181,07/03/2025,42,semaine6,2,Eplynx
13,1,18/04/2025,MT,N,NON,,,,,,131,07/03/2025,42,semaine6,2,
13,2,18/04/2025,MT,N,NON,,,,,,132,07/03/2025,42,semaine6,2,
14,1,18/04/2025,MT,N,NON,,,,,,141,07/03/2025,42,semaine6,2,
14,2,18/04/2025,MT,N,NON,,,,,,142,07/03/2025,42,semaine6,2,
15,1,18/04/2025,MT,N,NON,,,,,,151,07/03/2025,42,semaine6,2,
15,2,18/04/2025,MT,N,NON,,,,,,152,07/03/2025,42,semaine6,2,
16,1,18/04/2025,MT,N,NON,,,,,,161,07/03/2025,42,semaine6,2,Eplynx
16,2,18/04/2025,MT,N,NON,,,,,,162,07/03/2025,42,semaine6,2,Eplynx
17,1,18/04/2025,MT,N,NON,,,,,,171,07/03/2025,42,semaine6,2,
17,2,18/04/2025,MT,N,NON,,,,,,172,07/03/2025,42,semaine6,2,
18,2,18/04/2025,MT,N,NON,,,,,,182,07/03/2025,42,semaine6,2,Eplynx
19,1,18/04/2025,MT,N,NON,,,,,,191,07/03/2025,42,semaine6,2,
19,2,18/04/2025,MT,N,NON,,,,,,192,07/03/2025,42,semaine6,2,
20,1,18/04/2025,MT,N,NON,,,,,,201,07/03/2025,42,semaine6,2,Eplynx
20,2,18/04/2025,MT,N,NON,,,,,,202,07/03/2025,42,semaine6,2,Eplynx
21,1,18/04/2025,MT,N,NON,,,,,,211,07/03/2025,42,semaine6,2,
21,2,18/04/2025,MT,N,NON,,,,,,212,07/03/2025,42,semaine6,2,
22,1,18/04/2025,MT,N,NON,,,,,,221,07/03/2025,42,semaine6,2,Eplynx
22,2,18/04/2025,MT,N,NON,,,,,,222,07/03/2025,42,semaine6,2,Eplynx
23,1,18/04/2025,MT,N,NON,,,,,,231,07/03/2025,42,semaine6,2,
23,2,18/04/2025,MT,N,NON,,,,,,232,07/03/2025,42,semaine6,2,
24,1,18/04/2025,MT,N,NON,,,,,,241,07/03/2025,42,semaine6,2,Eplynx
24,2,18/04/2025,MT,N,NON,,,,,,242,07/03/2025,42,semaine6,2,Eplynx
5,2,22/04/2025,MT,N,NON,0,0,0,0,296,52,05/03/2025,48,semaine7,2,
1,1,22/04/2025,MT,N,OUI,,,,,,11,22/04/2025,0,semaine1,2,Eplynx
1,2,22/04/2025,MT,N,OUI,,,,,,12,22/04/2025,0,semaine1,2,Eplynx
2,1,22/04/2025,MT,N,OUI,,,,,,21,22/04/2025,0,semaine1,2,
2,2,22/04/2025,MT,N,NON,,,,,,22,22/04/2025,0,semaine1,2,
3,1,22/04/2025,MT,N,OUI,,,,,,31,22/04/2025,0,semaine1,2,
3,2,22/04/2025,MT,N,NON,,,,,,32,05/03/2025,48,semaine7,2,
4,1,22/04/2025,MT,N,OUI,,,,,,41,22/04/2025,0,semaine1,2,Eplynx
4,2,22/04/2025,MT,N,OUI,,,,,,42,22/04/2025,0,semaine1,2,Eplynx
5,1,22/04/2025,MT,N,OUI,,,,,,51,22/04/2025,0,semaine1,2,
6,1,22/04/2025,MT,N,OUI,,,,,,61,22/04/2025,0,semaine1,2,
6,2,22/04/2025,MT,N,NON,,,,,,62,05/03/2025,48,semaine7,2,
7,1,22/04/2025,MT,N,OUI,,,,,,71,22/04/2025,0,semaine1,2,
7,2,22/04/2025,MT,N,OUI,,,,,,72,22/04/2025,0,semaine1,2,
8,1,22/04/2025,MT,N,OUI,,,,,,81,22/04/2025,0,semaine1,2,Eplynx
8,2,22/04/2025,MT,N,NON,,,,,,82,05/03/2025,48,semaine7,2,Eplynx
9,1,22/04/2025,MT,N,OUI,,,,,,91,22/04/2025,0,semaine1,2,
9,2,22/04/2025,MT,N,NON,,,,,,92,05/03/2025,48,semaine7,2,
10,1,22/04/2025,MT,N,OUI,,,,,,101,22/04/2025,0,semaine1,2,
10,2,22/04/2025,MT,N,OUI,,,,,,102,22/04/2025,0,semaine1,2,
11,1,22/04/2025,MT,N,OUI,,,,,,111,22/04/2025,0,semaine1,2,Eplynx
11,2,22/04/2025,MT,N,NON,,,,,,112,05/03/2025,48,semaine7,2,Eplynx
12,1,22/04/2025,MT,N,OUI,,,,,,121,22/04/2025,0,semaine1,2,
12,2,22/04/2025,MT,N,NON,,,,,,122,05/03/2025,48,semaine7,2,
18,1,23/04/2025,MT,N,OUI,20,20,2,2,517,181,23/04/2025,0,semaine1,3,
18,1,23/04/2025,MT,N,OUI,6,6,1,1,517,181,23/04/2025,0,semaine1,3,
13,1,23/04/2025,MT,N,OUI,,,,,,131,23/04/2025,0,semaine1,3,
13,2,23/04/2025,MT,N,OUI,,,,,,132,23/04/2025,0,semaine1,3,
14,1,23/04/2025,MT,N,OUI,,,,,,141,23/04/2025,0,semaine1,3,
14,2,23/04/2025,MT,N,NON,,,,,,142,07/03/2025,47,semaine7,3,
15,1,23/04/2025,MT,N,OUI,,,,,,151,23/04/2025,0,semaine1,3,
15,2,23/04/2025,MT,N,NON,,,,,,152,07/03/2025,47,semaine7,3,
16,1,23/04/2025,MT,N,OUI,,,,,,161,23/04/2025,0,semaine1,3,Eplynx
16,2,23/04/2025,MT,N,OUI,,,,,,162,23/04/2025,0,semaine1,3,Eplynx
17,1,23/04/2025,MT,N,OUI,,,,,,171,23/04/2025,0,semaine1,3,
17,2,23/04/2025,MT,N,NON,,,,,,172,07/03/2025,47,semaine7,3,
18,2,23/04/2025,MT,N,NON,,,,,,182,07/03/2025,47,semaine7,3,Eplynx
19,1,23/04/2025,MT,N,OUI,,,,,,191,23/04/2025,0,semaine1,3,
19,2,23/04/2025,MT,N,OUI,,,,,,192,23/04/2025,0,semaine1,3,
20,1,23/04/2025,MT,N,OUI,,,,,,201,23/04/2025,0,semaine1,3,Eplynx
20,2,23/04/2025,MT,N,NON,,,,,,202,07/03/2025,47,semaine7,3,Eplynx
21,1,23/04/2025,MT,N,OUI,,,,,,211,23/04/2025,0,semaine1,3,
21,2,23/04/2025,MT,N,NON,,,,,,212,07/03/2025,47,semaine7,3,
22,1,23/04/2025,MT,N,OUI,,,,,,221,23/04/2025,0,semaine1,3,Eplynx
22,2,23/04/2025,MT,N,OUI,,,,,,222,23/04/2025,0,semaine1,3,Eplynx
23,1,23/04/2025,MT,N,OUI,,,,,,231,23/04/2025,0,semaine1,3,
23,2,23/04/2025,MT,N,NON,,,,,,232,07/03/2025,47,semaine7,3,
24,1,23/04/2025,MT,N,OUI,,,,,,241,23/04/2025,0,semaine1,3,Eplynx
24,2,23/04/2025,MT,N,NON,,,,,,242,07/03/2025,47,semaine7,3,Eplynx
1,1,29/04/2025,MT,N,NON,,,,,,11,22/04/2025,7,semaine1,3,Eplynx
1,2,29/04/2025,MT,N,NON,,,,,,12,22/04/2025,7,semaine1,3,Eplynx
2,1,29/04/2025,MT,N,NON,,,,,,21,22/04/2025,7,semaine1,3,
2,2,29/04/2025,MT,N,NON,,,,,,22,22/04/2025,7,semaine1,3,
3,1,29/04/2025,MT,N,NON,,,,,,31,22/04/2025,7,semaine1,3,
3,2,29/04/2025,MT,N,NON,,,,,,32,05/03/2025,55,semaine8,3,
4,1,29/04/2025,MT,N,NON,,,,,,41,22/04/2025,7,semaine1,3,Eplynx
4,2,29/04/2025,MT,N,NON,,,,,,42,22/04/2025,7,semaine1,3,Eplynx
5,1,29/04/2025,MT,N,NON,,,,,,51,22/04/2025,7,semaine1,3,
5,2,29/04/2025,MT,N,NON,,,,,,52,05/03/2025,55,semaine8,3,
6,1,29/04/2025,MT,N,NON,,,,,,61,22/04/2025,7,semaine1,3,
6,2,29/04/2025,MT,N,NON,,,,,,62,05/03/2025,55,semaine8,3,
7,1,29/04/2025,MT,N,NON,,,,,,71,22/04/2025,7,semaine1,3,
7,2,29/04/2025,MT,N,NON,,,,,,72,22/04/2025,7,semaine1,3,
8,1,29/04/2025,MT,N,NON,,,,,,81,22/04/2025,7,semaine1,3,Eplynx
8,2,29/04/2025,MT,N,NON,,,,,,82,05/03/2025,55,semaine8,3,Eplynx
9,1,29/04/2025,MT,N,NON,,,,,,91,22/04/2025,7,semaine1,3,
9,2,29/04/2025,MT,N,NON,,,,,,92,05/03/2025,55,semaine8,3,
10,1,29/04/2025,MT,N,NON,,,,,,101,22/04/2025,7,semaine1,3,
10,2,29/04/2025,MT,N,NON,,,,,,102,22/04/2025,7,semaine1,3,
11,1,29/04/2025,MT,N,NON,,,,,,111,22/04/2025,7,semaine1,3,Eplynx
11,2,29/04/2025,MT,N,NON,,,,,,112,05/03/2025,55,semaine8,3,Eplynx
12,1,29/04/2025,MT,N,NON,,,,,,121,22/04/2025,7,semaine1,3,
12,2,29/04/2025,MT,N,NON,,,,,,122,05/03/2025,55,semaine8,3,
22,1,30/04/2025,MT,N,NON,8,8,4,4,443,221,23/04/2025,7,semaine1,3,
24,1,30/04/2025,MT,N,NON,2,2,2,2,543,241,23/04/2025,7,semaine1,3,
13,1,30/04/2025,MT,N,NON,,,,,,131,23/04/2025,7,semaine1,3,
13,2,30/04/2025,MT,N,NON,,,,,,132,23/04/2025,7,semaine1,3,
14,1,30/04/2025,MT,N,NON,,,,,,141,23/04/2025,7,semaine1,3,
14,2,30/04/2025,MT,N,NON,,,,,,142,07/03/2025,54,semaine8,3,
15,1,30/04/2025,MT,N,NON,,,,,,151,23/04/2025,7,semaine1,3,
15,2,30/04/2025,MT,N,NON,,,,,,152,07/03/2025,54,semaine8,3,
16,1,30/04/2025,MT,N,NON,,,,,,161,23/04/2025,7,semaine1,3,Eplynx
16,2,30/04/2025,MT,N,NON,,,,,,162,23/04/2025,7,semaine1,3,Eplynx
17,1,30/04/2025,MT,N,NON,,,,,,171,23/04/2025,7,semaine1,3,
17,2,30/04/2025,MT,N,NON,,,,,,172,07/03/2025,54,semaine8,3,
18,1,30/04/2025,MT,N,NON,,,,,,181,23/04/2025,7,semaine1,3,Eplynx
18,2,30/04/2025,MT,N,NON,,,,,,182,07/03/2025,54,semaine8,3,Eplynx
19,1,30/04/2025,MT,N,NON,,,,,,191,23/04/2025,7,semaine1,3,
19,2,30/04/2025,MT,N,NON,,,,,,192,23/04/2025,7,semaine1,3,
20,1,30/04/2025,MT,N,NON,,,,,,201,23/04/2025,7,semaine1,3,Eplynx
20,2,30/04/2025,MT,N,NON,,,,,,202,07/03/2025,54,semaine8,3,Eplynx
21,1,30/04/2025,MT,N,NON,,,,,,211,23/04/2025,7,semaine1,3,
21,2,30/04/2025,MT,N,NON,,,,,,212,07/03/2025,54,semaine8,3,
22,2,30/04/2025,MT,N,NON,,,,,,222,23/04/2025,7,semaine1,3,Eplynx
23,1,30/04/2025,MT,N,NON,,,,,,231,23/04/2025,7,semaine1,3,
23,2,30/04/2025,MT,N,NON,,,,,,232,07/03/2025,54,semaine8,3,
24,2,30/04/2025,MT,N,NON,,,,,,242,07/03/2025,54,semaine8,3,Eplynx
1,1,06/05/2025,JB,N,NON,,,,,,11,22/04/2025,14,semaine2,3,Eplynx
1,2,06/05/2025,JB,N,NON,,,,,,12,22/04/2025,14,semaine2,3,Eplynx
2,1,06/05/2025,JB,N,NON,,,,,,21,22/04/2025,14,semaine2,3,
2,2,06/05/2025,JB,N,NON,,,,,,22,22/04/2025,14,semaine2,3,
3,1,06/05/2025,JB,N,NON,,,,,,31,22/04/2025,14,semaine2,3,
3,2,06/05/2025,JB,N,NON,,,,,,32,05/03/2025,62,semaine9,3,
4,1,06/05/2025,JB,N,NON,,,,,,41,22/04/2025,14,semaine2,3,Eplynx
4,2,06/05/2025,JB,N,NON,,,,,,42,22/04/2025,14,semaine2,3,Eplynx
5,1,06/05/2025,JB,N,NON,,,,,,51,22/04/2025,14,semaine2,3,
5,2,06/05/2025,JB,N,NON,,,,,,52,05/03/2025,62,semaine9,3,
6,1,06/05/2025,JB,N,NON,,,,,,61,22/04/2025,14,semaine2,3,
6,2,06/05/2025,JB,N,NON,,,,,,62,05/03/2025,62,semaine9,3,
7,1,06/05/2025,JB,N,NON,,,,,,71,22/04/2025,14,semaine2,3,
7,2,06/05/2025,JB,N,NON,,,,,,72,22/04/2025,14,semaine2,3,
8,1,06/05/2025,JB,N,NON,,,,,,81,22/04/2025,14,semaine2,3,Eplynx
8,2,06/05/2025,JB,N,NON,,,,,,82,05/03/2025,62,semaine9,3,Eplynx
9,1,06/05/2025,JB,N,NON,,,,,,91,22/04/2025,14,semaine2,3,
9,2,06/05/2025,JB,N,NON,,,,,,92,05/03/2025,62,semaine9,3,
10,1,06/05/2025,JB,N,NON,,,,,,101,22/04/2025,14,semaine2,3,
10,2,06/05/2025,JB,N,NON,,,,,,102,22/04/2025,14,semaine2,3,
11,1,06/05/2025,JB,N,NON,,,,,,111,22/04/2025,14,semaine2,3,Eplynx
11,2,06/05/2025,JB,N,NON,,,,,,112,05/03/2025,62,semaine9,3,Eplynx
12,1,06/05/2025,JB,N,NON,,,,,,121,22/04/2025,14,semaine2,3,
12,2,06/05/2025,JB,N,NON,,,,,,122,05/03/2025,62,semaine9,3,
14,1,07/05/2025,JB,N,NON,0,0,0,0,59,141,23/04/2025,14,semaine2,3,
20,1,07/05/2025,JB,N,NON,0,0,0,0,145,201,23/04/2025,14,semaine2,3,Eplynx
13,1,07/05/2025,JB,N,NON,,,,,,131,23/04/2025,14,semaine2,3,
13,2,07/05/2025,JB,N,NON,,,,,,132,23/04/2025,14,semaine2,3,
14,2,07/05/2025,JB,N,NON,,,,,,142,07/03/2025,61,semaine9,3,
15,1,07/05/2025,JB,N,NON,,,,,,151,23/04/2025,14,semaine2,3,
15,2,07/05/2025,JB,N,NON,,,,,,152,07/03/2025,61,semaine9,3,
16,1,07/05/2025,JB,N,NON,,,,,,161,23/04/2025,14,semaine2,3,Eplynx
16,2,07/05/2025,JB,N,NON,,,,,,162,23/04/2025,14,semaine2,3,Eplynx
17,1,07/05/2025,JB,N,NON,,,,,,171,23/04/2025,14,semaine2,3,
17,2,07/05/2025,JB,N,NON,,,,,,172,07/03/2025,61,semaine9,3,
18,1,07/05/2025,JB,N,NON,,,,,,181,23/04/2025,14,semaine2,3,Eplynx
18,2,07/05/2025,JB,N,NON,,,,,,182,07/03/2025,61,semaine9,3,Eplynx
19,1,07/05/2025,JB,N,NON,,,,,,191,23/04/2025,14,semaine2,3,
19,2,07/05/2025,JB,N,NON,,,,,,192,23/04/2025,14,semaine2,3,
20,2,07/05/2025,JB,N,NON,,,,,,202,07/03/2025,61,semaine9,3,Eplynx
21,1,07/05/2025,JB,N,NON,,,,,,211,23/04/2025,14,semaine2,3,
21,2,07/05/2025,JB,N,NON,,,,,,212,07/03/2025,61,semaine9,3,
22,1,07/05/2025,JB,N,NON,,,,,,221,23/04/2025,14,semaine2,3,Eplynx
22,2,07/05/2025,JB,N,NON,,,,,,222,23/04/2025,14,semaine2,3,Eplynx
23,1,07/05/2025,JB,N,NON,,,,,,231,23/04/2025,14,semaine2,3,
23,2,07/05/2025,JB,N,NON,,,,,,232,07/03/2025,61,semaine9,3,
24,1,07/05/2025,JB,N,NON,,,,,,241,23/04/2025,14,semaine2,3,Eplynx
24,2,07/05/2025,JB,N,NON,,,,,,242,07/03/2025,61,semaine9,3,Eplynx
8,1,13/05/2025,MT,N,NON,3,3,3,3,403,81,22/04/2025,21,semaine3,3,
1,1,13/05/2025,MT,N,NON,,,,,,11,22/04/2025,21,semaine3,3,Eplynx
1,2,13/05/2025,MT,N,NON,,,,,,12,22/04/2025,21,semaine3,3,Eplynx
2,1,13/05/2025,MT,N,NON,,,,,,21,22/04/2025,21,semaine3,3,
2,2,13/05/2025,MT,N,OUI,,,,,,22,13/05/2025,0,semaine1,3,
3,1,13/05/2025,MT,N,NON,,,,,,31,22/04/2025,21,semaine3,3,
3,2,13/05/2025,MT,N,OUI,,,,,,32,13/05/2025,0,semaine1,3,
4,1,13/05/2025,MT,N,NON,,,,,,41,22/04/2025,21,semaine3,3,Eplynx
4,2,13/05/2025,MT,N,NON,,,,,,42,22/04/2025,21,semaine3,3,Eplynx
5,1,13/05/2025,MT,N,NON,,,,,,51,22/04/2025,21,semaine3,3,
5,2,13/05/2025,MT,N,OUI,,,,,,52,13/05/2025,0,semaine1,3,
6,1,13/05/2025,MT,N,NON,,,,,,61,22/04/2025,21,semaine3,3,
6,2,13/05/2025,MT,N,OUI,,,,,,62,13/05/2025,0,semaine1,3,
7,1,13/05/2025,MT,N,NON,,,,,,71,22/04/2025,21,semaine3,3,
7,2,13/05/2025,MT,N,NON,,,,,,72,22/04/2025,21,semaine3,3,
8,2,13/05/2025,MT,N,OUI,,,,,,82,13/05/2025,0,semaine1,3,Eplynx
9,1,13/05/2025,MT,N,NON,,,,,,91,22/04/2025,21,semaine3,3,
9,2,13/05/2025,MT,N,OUI,,,,,,92,13/05/2025,0,semaine1,3,
10,1,13/05/2025,MT,N,NON,,,,,,101,22/04/2025,21,semaine3,3,
10,2,13/05/2025,MT,N,NON,,,,,,102,22/04/2025,21,semaine3,3,
11,1,13/05/2025,MT,N,NON,,,,,,111,22/04/2025,21,semaine3,3,Eplynx
11,2,13/05/2025,MT,N,OUI,,,,,,112,13/05/2025,0,semaine1,3,Eplynx
12,1,13/05/2025,MT,N,NON,,,,,,121,22/04/2025,21,semaine3,3,
12,2,13/05/2025,MT,N,OUI,,,,,,122,13/05/2025,0,semaine1,3,
13,1,14/05/2025,MT,N,NON,,,,,,131,23/04/2025,21,semaine3,3,
13,2,14/05/2025,MT,N,NON,,,,,,132,23/04/2025,21,semaine3,3,
14,1,14/05/2025,MT,N,NON,,,,,,141,23/04/2025,21,semaine3,3,
14,2,14/05/2025,MT,N,OUI,,,,,,142,14/05/2025,0,semaine1,3,
15,1,14/05/2025,MT,N,NON,,,,,,151,23/04/2025,21,semaine3,3,
15,2,14/05/2025,MT,N,OUI,,,,,,152,14/05/2025,0,semaine1,3,
16,1,14/05/2025,MT,N,NON,,,,,,161,23/04/2025,21,semaine3,3,Eplynx
16,2,14/05/2025,MT,N,NON,,,,,,162,23/04/2025,21,semaine3,3,Eplynx
17,1,14/05/2025,MT,N,NON,,,,,,171,23/04/2025,21,semaine3,3,
17,2,14/05/2025,MT,N,OUI,,,,,,172,14/05/2025,0,semaine1,3,
18,1,14/05/2025,MT,N,NON,,,,,,181,23/04/2025,21,semaine3,3,Eplynx
18,2,14/05/2025,MT,N,OUI,,,,,,182,14/05/2025,0,semaine1,3,Eplynx
19,1,14/05/2025,MT,N,NON,,,,,,191,23/04/2025,21,semaine3,3,
19,2,14/05/2025,MT,N,NON,,,,,,192,23/04/2025,21,semaine3,3,
20,1,14/05/2025,MT,N,NON,,,,,,201,23/04/2025,21,semaine3,3,Eplynx
20,2,14/05/2025,MT,N,OUI,,,,,,202,14/05/2025,0,semaine1,3,Eplynx
21,1,14/05/2025,MT,N,NON,,,,,,211,23/04/2025,21,semaine3,3,
21,2,14/05/2025,MT,N,OUI,,,,,,212,14/05/2025,0,semaine1,3,
22,1,14/05/2025,MT,N,NON,,,,,,221,23/04/2025,21,semaine3,3,Eplynx
22,2,14/05/2025,MT,N,NON,,,,,,222,23/04/2025,21,semaine3,3,Eplynx
23,1,14/05/2025,MT,N,NON,,,,,,231,23/04/2025,21,semaine3,3,
23,2,14/05/2025,MT,N,OUI,,,,,,232,14/05/2025,0,semaine1,3,
24,1,14/05/2025,MT,N,NON,,,,,,241,23/04/2025,21,semaine3,3,Eplynx
24,2,14/05/2025,MT,N,OUI,,,,,,242,14/05/2025,0,semaine1,3,Eplynx
2,1,21/05/2025,JB,N,NON,0,0,0,0,375,21,13/05/2025,8,semaine2,3,
6,1,21/05/2025,JB,N,NON,0,0,0,0,,61,22/04/2025,29,semaine4,3,
8,1,21/05/2025,JB,N,NON,0,0,0,0,403,81,22/04/2025,29,semaine4,3,Eplynx
9,1,21/05/2025,JB,N,NON,0,0,0,0,405,91,22/04/2025,29,semaine4,3,
11,1,21/05/2025,JB,N,NON,40,40,20,20,337,111,22/04/2025,29,semaine4,3,
4,1,21/05/2025,JB,N,NON,0,0,0,0,607,41,22/04/2025,29,semaine4,3,Eplynx
1,1,21/05/2025,JB,N,NON,,,,,,11,22/04/2025,29,semaine4,3,Eplynx
1,2,21/05/2025,JB,N,NON,,,,,,12,22/04/2025,29,semaine4,3,Eplynx
2,2,21/05/2025,JB,N,NON,,,,,,22,13/05/2025,8,semaine2,3,
3,1,21/05/2025,JB,N,NON,,,,,,31,22/04/2025,29,semaine4,3,
3,2,21/05/2025,JB,N,NON,,,,,,32,13/05/2025,8,semaine2,3,
4,2,21/05/2025,JB,N,NON,,,,,,42,22/04/2025,29,semaine4,3,Eplynx
5,1,21/05/2025,JB,N,NON,,,,,,51,22/04/2025,29,semaine4,3,
5,2,21/05/2025,JB,N,NON,,,,,,52,13/05/2025,8,semaine2,3,
6,2,21/05/2025,JB,N,NON,,,,,,62,13/05/2025,8,semaine2,3,
7,1,21/05/2025,JB,N,NON,,,,,,71,22/04/2025,29,semaine4,3,
7,2,21/05/2025,JB,N,NON,,,,,,72,22/04/2025,29,semaine4,3,
8,2,21/05/2025,JB,N,NON,,,,,,82,13/05/2025,8,semaine2,3,Eplynx
9,2,21/05/2025,JB,N,NON,,,,,,92,13/05/2025,8,semaine2,3,
10,1,21/05/2025,JB,N,NON,,,,,,101,22/04/2025,29,semaine4,3,
10,2,21/05/2025,JB,N,NON,,,,,,102,22/04/2025,29,semaine4,3,
11,2,21/05/2025,JB,N,NON,,,,,,112,13/05/2025,8,semaine2,3,Eplynx
12,1,21/05/2025,JB,N,NON,,,,,,121,22/04/2025,29,semaine4,3,
12,2,21/05/2025,JB,N,NON,,,,,,122,13/05/2025,8,semaine2,3,
16,1,21/05/2025,JB,N,NON,,,,,,161,23/04/2025,28,semaine4,3,Eplynx
16,2,21/05/2025,JB,N,NON,,,,,,162,23/04/2025,28,semaine4,3,Eplynx
17,1,21/05/2025,JB,N,NON,,,,,,171,23/04/2025,28,semaine4,3,
17,2,21/05/2025,JB,N,NON,,,,,,172,14/05/2025,7,semaine1,3,
18,1,21/05/2025,JB,N,NON,,,,,,181,23/04/2025,28,semaine4,3,Eplynx
18,2,21/05/2025,JB,N,NON,,,,,,182,14/05/2025,7,semaine1,3,Eplynx
19,1,21/05/2025,JB,N,NON,,,,,,191,23/04/2025,28,semaine4,3,
19,2,21/05/2025,JB,N,NON,,,,,,192,23/04/2025,28,semaine4,3,
20,1,21/05/2025,JB,N,NON,,,,,,201,23/04/2025,28,semaine4,3,Eplynx
20,2,21/05/2025,JB,N,NON,,,,,,202,14/05/2025,7,semaine1,3,Eplynx
21,1,21/05/2025,JB,N,NON,,,,,,211,23/04/2025,28,semaine4,3,
21,2,21/05/2025,JB,N,NON,,,,,,212,14/05/2025,7,semaine1,3,
22,2,22/05/2025,JB,N,NON,16,16,6,6,602,222,23/04/2025,29,semaine4,3,
13,1,22/05/2025,JB,N,NON,,,,,,131,23/04/2025,29,semaine4,3,
13,2,22/05/2025,JB,N,NON,,,,,,132,23/04/2025,29,semaine4,3,
14,1,22/05/2025,JB,N,NON,,,,,,141,23/04/2025,29,semaine4,3,
14,2,22/05/2025,JB,N,NON,,,,,,142,14/05/2025,8,semaine2,3,
15,1,22/05/2025,JB,N,NON,,,,,,151,23/04/2025,29,semaine4,3,
15,2,22/05/2025,JB,N,NON,,,,,,152,14/05/2025,8,semaine2,3,
22,1,22/05/2025,JB,N,NON,,,,,,221,23/04/2025,29,semaine4,3,Eplynx
23,1,22/05/2025,JB,N,NON,,,,,,231,23/04/2025,29,semaine4,3,
23,2,22/05/2025,JB,N,NON,,,,,,232,14/05/2025,8,semaine2,3,
24,1,22/05/2025,JB,N,NON,,,,,,241,23/04/2025,29,semaine4,3,Eplynx
24,2,22/05/2025,JB,N,NON,,,,,,242,14/05/2025,8,semaine2,3,Eplynx
1,1,26/05/2025,JMV,N,NON,,,,,,11,22/04/2025,34,semaine5,3,Eplynx
1,2,26/05/2025,JMV,N,NON,,,,,,12,22/04/2025,34,semaine5,3,Eplynx
2,1,26/05/2025,JMV,N,NON,,,,,,21,13/05/2025,13,semaine2,3,
2,2,26/05/2025,JMV,N,NON,,,,,,22,13/05/2025,13,semaine2,3,
3,1,26/05/2025,JMV,N,NON,,,,,,31,22/04/2025,34,semaine5,3,
3,2,26/05/2025,JMV,N,NON,,,,,,32,13/05/2025,13,semaine2,3,
4,1,26/05/2025,JMV,N,NON,,,,,,41,22/04/2025,34,semaine5,3,Eplynx
4,2,26/05/2025,JMV,N,NON,,,,,,42,22/04/2025,34,semaine5,3,Eplynx
5,1,26/05/2025,JMV,N,NON,,,,,,51,22/04/2025,34,semaine5,3,
5,2,26/05/2025,JMV,N,NON,,,,,,52,13/05/2025,13,semaine2,3,
6,1,26/05/2025,JMV,N,NON,,,,,,61,22/04/2025,34,semaine5,3,
6,2,26/05/2025,JMV,N,NON,,,,,,62,13/05/2025,13,semaine2,3,
7,1,26/05/2025,JMV,N,NON,,,,,,71,22/04/2025,34,semaine5,3,
7,2,26/05/2025,JMV,N,NON,,,,,,72,22/04/2025,34,semaine5,3,
8,1,26/05/2025,JMV,N,NON,,,,,,81,22/04/2025,34,semaine5,3,Eplynx
8,2,26/05/2025,JMV,N,NON,,,,,,82,13/05/2025,13,semaine2,3,Eplynx
9,1,26/05/2025,JMV,N,NON,,,,,,91,22/04/2025,34,semaine5,3,
9,2,26/05/2025,JMV,N,NON,,,,,,92,13/05/2025,13,semaine2,3,
10,1,26/05/2025,JMV,N,NON,,,,,,101,22/04/2025,34,semaine5,3,
10,2,26/05/2025,JMV,N,NON,,,,,,102,22/04/2025,34,semaine5,3,
11,1,26/05/2025,JMV,N,NON,,,,,,111,22/04/2025,34,semaine5,3,Eplynx
11,2,26/05/2025,JMV,N,NON,,,,,,112,13/05/2025,13,semaine2,3,Eplynx
12,1,26/05/2025,JMV,N,NON,,,,,,121,22/04/2025,34,semaine5,3,
12,2,26/05/2025,JMV,N,NON,,,,,,122,13/05/2025,13,semaine2,3,
16,1,30/05/2025,JMV,N,NON,4,4,4,4,577,161,23/04/2025,37,semaine5,3,
13,1,30/05/2025,JMV,N,NON,,,,,,131,23/04/2025,37,semaine5,3,
13,2,30/05/2025,JMV,N,NON,,,,,,132,23/04/2025,37,semaine5,3,
14,1,30/05/2025,JMV,N,NON,,,,,,141,23/04/2025,37,semaine5,3,
14,2,30/05/2025,JMV,N,NON,,,,,,142,14/05/2025,16,semaine3,3,
15,1,30/05/2025,JMV,N,NON,,,,,,151,23/04/2025,37,semaine5,3,
15,2,30/05/2025,JMV,N,NON,,,,,,152,14/05/2025,16,semaine3,3,
16,2,30/05/2025,JMV,N,NON,,,,,,162,23/04/2025,37,semaine5,3,Eplynx
17,1,30/05/2025,JMV,N,NON,,,,,,171,23/04/2025,37,semaine5,3,
17,2,30/05/2025,JMV,N,NON,,,,,,172,14/05/2025,16,semaine3,3,
18,1,30/05/2025,JMV,N,NON,,,,,,181,23/04/2025,37,semaine5,3,Eplynx
18,2,30/05/2025,JMV,N,NON,,,,,,182,14/05/2025,16,semaine3,3,Eplynx
19,1,30/05/2025,JMV,N,NON,,,,,,191,23/04/2025,37,semaine5,3,
19,2,30/05/2025,JMV,N,NON,,,,,,192,23/04/2025,37,semaine5,3,
20,1,30/05/2025,JMV,N,NON,,,,,,201,23/04/2025,37,semaine5,3,Eplynx
20,2,30/05/2025,JMV,N,NON,,,,,,202,14/05/2025,16,semaine3,3,Eplynx
21,1,30/05/2025,JMV,N,NON,,,,,,211,23/04/2025,37,semaine5,3,
21,2,30/05/2025,JMV,N,NON,,,,,,212,14/05/2025,16,semaine3,3,
22,1,30/05/2025,JMV,N,NON,,,,,,221,23/04/2025,37,semaine5,3,Eplynx
22,2,30/05/2025,JMV,N,NON,,,,,,222,23/04/2025,37,semaine5,3,Eplynx
23,1,30/05/2025,JMV,N,NON,,,,,,231,23/04/2025,37,semaine5,3,
23,2,30/05/2025,JMV,N,NON,,,,,,232,14/05/2025,16,semaine3,3,
24,1,30/05/2025,JMV,N,NON,,,,,,241,23/04/2025,37,semaine5,3,Eplynx
24,2,30/05/2025,JMV,N,NON,,,,,,242,14/05/2025,16,semaine3,3,Eplynx
11,1,02/06/2025,JMV,N,NON,1,1,0,0,641,111,22/04/2025,41,semaine6,3,
1,1,02/06/2025,JMV,N,NON,,,,,,11,22/04/2025,41,semaine6,3,Eplynx
1,2,02/06/2025,JMV,N,NON,,,,,,12,22/04/2025,41,semaine6,3,Eplynx
2,1,02/06/2025,JMV,N,NON,,,,,,21,13/05/2025,20,semaine3,3,
2,2,02/06/2025,JMV,N,NON,,,,,,22,13/05/2025,20,semaine3,3,
3,1,02/06/2025,JMV,N,NON,,,,,,31,22/04/2025,41,semaine6,3,
3,2,02/06/2025,JMV,N,NON,,,,,,32,13/05/2025,20,semaine3,3,
4,1,02/06/2025,JMV,N,NON,,,,,,41,22/04/2025,41,semaine6,3,Eplynx
4,2,02/06/2025,JMV,N,NON,,,,,,42,22/04/2025,41,semaine6,3,Eplynx
5,1,02/06/2025,JMV,N,NON,,,,,,51,22/04/2025,41,semaine6,3,
5,2,02/06/2025,JMV,N,NON,,,,,,52,13/05/2025,20,semaine3,3,
6,1,02/06/2025,JMV,N,NON,,,,,,61,22/04/2025,41,semaine6,3,
6,2,02/06/2025,JMV,N,NON,,,,,,62,13/05/2025,20,semaine3,3,
7,1,02/06/2025,JMV,N,NON,,,,,,71,22/04/2025,41,semaine6,3,
7,2,02/06/2025,JMV,N,NON,,,,,,72,22/04/2025,41,semaine6,3,
8,1,02/06/2025,JMV,N,NON,,,,,,81,22/04/2025,41,semaine6,3,Eplynx
8,2,02/06/2025,JMV,N,NON,,,,,,82,13/05/2025,20,semaine3,3,Eplynx
9,1,02/06/2025,JMV,N,NON,,,,,,91,22/04/2025,41,semaine6,3,
9,2,02/06/2025,JMV,N,NON,,,,,,92,13/05/2025,20,semaine3,3,
10,1,02/06/2025,JMV,N,NON,,,,,,101,22/04/2025,41,semaine6,3,
10,2,02/06/2025,JMV,N,NON,,,,,,102,22/04/2025,41,semaine6,3,
11,2,02/06/2025,JMV,N,NON,,,,,,112,13/05/2025,20,semaine3,3,Eplynx
12,1,02/06/2025,JMV,N,NON,,,,,,121,22/04/2025,41,semaine6,3,
12,2,02/06/2025,JMV,N,NON,,,,,,122,13/05/2025,20,semaine3,3,
13,1,06/06/2025,JMV,N,NON,,,,,,131,23/04/2025,44,semaine6,3,
13,2,06/06/2025,JMV,N,NON,,,,,,132,23/04/2025,44,semaine6,3,
14,1,06/06/2025,JMV,N,NON,,,,,,141,23/04/2025,44,semaine6,3,
14,2,06/06/2025,JMV,N,NON,,,,,,142,14/05/2025,23,semaine3,3,
15,1,06/06/2025,JMV,N,NON,,,,,,151,23/04/2025,44,semaine6,3,
15,2,06/06/2025,JMV,N,NON,,,,,,152,14/05/2025,23,semaine3,3,
16,1,06/06/2025,JMV,N,NON,,,,,,161,23/04/2025,44,semaine6,3,Eplynx
16,2,06/06/2025,JMV,N,NON,,,,,,162,23/04/2025,44,semaine6,3,Eplynx
17,1,06/06/2025,JMV,N,NON,,,,,,171,23/04/2025,44,semaine6,3,
17,2,06/06/2025,JMV,N,NON,,,,,,172,14/05/2025,23,semaine3,3,
18,1,06/06/2025,JMV,N,NON,,,,,,181,23/04/2025,44,semaine6,3,Eplynx
18,2,06/06/2025,JMV,N,NON,,,,,,182,14/05/2025,23,semaine3,3,Eplynx
19,1,06/06/2025,JMV,N,NON,,,,,,191,23/04/2025,44,semaine6,3,
19,2,06/06/2025,JMV,N,NON,,,,,,192,23/04/2025,44,semaine6,3,
20,1,06/06/2025,JMV,N,NON,,,,,,201,23/04/2025,44,semaine6,3,Eplynx
20,2,06/06/2025,JMV,N,NON,,,,,,202,14/05/2025,23,semaine3,3,Eplynx
21,1,06/06/2025,JMV,N,NON,,,,,,211,23/04/2025,44,semaine6,3,
21,2,06/06/2025,JMV,N,NON,,,,,,212,14/05/2025,23,semaine3,3,
22,1,06/06/2025,JMV,N,NON,,,,,,221,23/04/2025,44,semaine6,3,Eplynx
22,2,06/06/2025,JMV,N,NON,,,,,,222,23/04/2025,44,semaine6,3,Eplynx
23,1,06/06/2025,JMV,N,NON,,,,,,231,23/04/2025,44,semaine6,3,
23,2,06/06/2025,JMV,N,NON,,,,,,232,14/05/2025,23,semaine3,3,
24,1,06/06/2025,JMV,N,NON,,,,,,241,23/04/2025,44,semaine6,3,Eplynx
24,2,06/06/2025,JMV,N,NON,,,,,,242,14/05/2025,23,semaine3,3,Eplynx
1,1,18/06/2025,JMV,N,NON,,,,,,11,22/04/2025,57,semaine8,3,Eplynx
1,2,18/06/2025,JMV,N,NON,,,,,,12,22/04/2025,57,semaine8,3,Eplynx
2,1,18/06/2025,JMV,N,NON,,,,,,21,13/05/2025,36,semaine5,3,
2,2,18/06/2025,JMV,N,NON,,,,,,22,13/05/2025,36,semaine5,3,
3,1,18/06/2025,JMV,N,NON,,,,,,31,22/04/2025,57,semaine8,3,
3,2,18/06/2025,JMV,N,NON,,,,,,32,13/05/2025,36,semaine5,3,
4,1,18/06/2025,JMV,N,NON,,,,,,41,22/04/2025,57,semaine8,3,Eplynx
4,2,18/06/2025,JMV,N,NON,,,,,,42,22/04/2025,57,semaine8,3,Eplynx
5,1,18/06/2025,JMV,N,NON,,,,,,51,22/04/2025,57,semaine8,3,
5,2,18/06/2025,JMV,N,NON,,,,,,52,13/05/2025,36,semaine5,3,
6,1,18/06/2025,JMV,N,NON,,,,,,61,22/04/2025,57,semaine8,3,
6,2,18/06/2025,JMV,N,NON,,,,,,62,13/05/2025,36,semaine5,3,
7,1,18/06/2025,JMV,N,NON,,,,,,71,22/04/2025,57,semaine8,3,
7,2,18/06/2025,JMV,N,NON,,,,,,72,22/04/2025,57,semaine8,3,
8,1,18/06/2025,JMV,N,NON,,,,,,81,22/04/2025,57,semaine8,3,Eplynx
8,2,18/06/2025,JMV,N,NON,,,,,,82,13/05/2025,36,semaine5,3,Eplynx
9,1,18/06/2025,JMV,N,NON,,,,,,91,22/04/2025,57,semaine8,3,
9,2,18/06/2025,JMV,N,NON,,,,,,92,13/05/2025,36,semaine5,3,
10,1,18/06/2025,JMV,N,NON,,,,,,101,22/04/2025,57,semaine8,3,
10,2,18/06/2025,JMV,N,NON,,,,,,102,22/04/2025,57,semaine8,3,
11,1,18/06/2025,JMV,N,NON,,,,,,111,22/04/2025,57,semaine8,3,Eplynx
11,2,18/06/2025,JMV,N,NON,,,,,,112,13/05/2025,36,semaine5,3,Eplynx
12,1,18/06/2025,JMV,N,NON,,,,,,121,22/04/2025,57,semaine8,3,
12,2,18/06/2025,JMV,N,NON,,,,,,122,13/05/2025,36,semaine5,3,
22,2,20/06/2025,JMV,N,NON,2,2,2,2,602,222,23/04/2025,58,semaine8,3,
13,1,20/06/2025,JMV,N,NON,,,,,,131,23/04/2025,58,semaine8,3,
13,2,20/06/2025,JMV,N,NON,,,,,,132,23/04/2025,58,semaine8,3,
14,1,20/06/2025,JMV,N,NON,,,,,,141,23/04/2025,58,semaine8,3,
14,2,20/06/2025,JMV,N,NON,,,,,,142,14/05/2025,37,semaine5,3,
15,1,20/06/2025,JMV,N,NON,,,,,,151,23/04/2025,58,semaine8,3,
15,2,20/06/2025,JMV,N,NON,,,,,,152,14/05/2025,37,semaine5,3,
16,1,20/06/2025,JMV,N,NON,,,,,,161,23/04/2025,58,semaine8,3,Eplynx
16,2,20/06/2025,JMV,N,NON,,,,,,162,23/04/2025,58,semaine8,3,Eplynx
17,1,20/06/2025,JMV,N,NON,,,,,,171,23/04/2025,58,semaine8,3,
17,2,20/06/2025,JMV,N,NON,,,,,,172,14/05/2025,37,semaine5,3,
18,1,20/06/2025,JMV,N,NON,,,,,,181,23/04/2025,58,semaine8,3,Eplynx
18,2,20/06/2025,JMV,N,NON,,,,,,182,14/05/2025,37,semaine5,3,Eplynx
19,1,20/06/2025,JMV,N,NON,,,,,,191,23/04/2025,58,semaine8,3,
19,2,20/06/2025,JMV,N,NON,,,,,,192,23/04/2025,58,semaine8,3,
20,1,20/06/2025,JMV,N,NON,,,,,,201,23/04/2025,58,semaine8,3,Eplynx
20,2,20/06/2025,JMV,N,NON,,,,,,202,14/05/2025,37,semaine5,3,Eplynx
21,1,20/06/2025,JMV,N,NON,,,,,,211,23/04/2025,58,semaine8,3,
21,2,20/06/2025,JMV,N,NON,,,,,,212,14/05/2025,37,semaine5,3,
22,1,20/06/2025,JMV,N,NON,,,,,,221,23/04/2025,58,semaine8,3,Eplynx
23,1,20/06/2025,JMV,N,NON,,,,,,231,23/04/2025,58,semaine8,3,
23,2,20/06/2025,JMV,N,NON,,,,,,232,14/05/2025,37,semaine5,3,
24,1,20/06/2025,JMV,N,NON,,,,,,241,23/04/2025,58,semaine8,3,Eplynx
24,2,20/06/2025,JMV,N,NON,,,,,,242,14/05/2025,37,semaine5,3,Eplynx
1,1,24/06/2025,JMV,N,NON,,,,,,11,22/04/2025,63,semaine9,3,Eplynx
1,2,24/06/2025,JMV,N,NON,,,,,,12,22/04/2025,63,semaine9,3,Eplynx
2,1,24/06/2025,JMV,N,NON,,,,,,21,13/05/2025,42,semaine6,3,
2,2,24/06/2025,JMV,N,NON,,,,,,22,13/05/2025,42,semaine6,3,
3,1,24/06/2025,JMV,N,NON,,,,,,31,22/04/2025,63,semaine9,3,
3,2,24/06/2025,JMV,N,NON,,,,,,32,13/05/2025,42,semaine6,3,
4,1,24/06/2025,JMV,N,NON,,,,,,41,22/04/2025,63,semaine9,3,Eplynx
4,2,24/06/2025,JMV,N,NON,,,,,,42,22/04/2025,63,semaine9,3,Eplynx
5,1,24/06/2025,JMV,N,NON,,,,,,51,22/04/2025,63,semaine9,3,
5,2,24/06/2025,JMV,N,NON,,,,,,52,13/05/2025,42,semaine6,3,
6,1,24/06/2025,JMV,N,NON,,,,,,61,22/04/2025,63,semaine9,3,
6,2,24/06/2025,JMV,N,NON,,,,,,62,13/05/2025,42,semaine6,3,
7,1,24/06/2025,JMV,N,NON,,,,,,71,22/04/2025,63,semaine9,3,
7,2,24/06/2025,JMV,N,NON,,,,,,72,22/04/2025,63,semaine9,3,
8,1,24/06/2025,JMV,N,NON,,,,,,81,22/04/2025,63,semaine9,3,Eplynx
8,2,24/06/2025,JMV,N,NON,,,,,,82,13/05/2025,42,semaine6,3,Eplynx
9,1,24/06/2025,JMV,N,NON,,,,,,91,22/04/2025,63,semaine9,3,
9,2,24/06/2025,JMV,N,NON,,,,,,92,13/05/2025,42,semaine6,3,
10,1,24/06/2025,JMV,N,NON,,,,,,101,22/04/2025,63,semaine9,3,
10,2,24/06/2025,JMV,N,NON,,,,,,102,22/04/2025,63,semaine9,3,
11,1,24/06/2025,JMV,N,NON,,,,,,111,22/04/2025,63,semaine9,3,Eplynx
11,2,24/06/2025,JMV,N,NON,,,,,,112,13/05/2025,42,semaine6,3,Eplynx
12,1,24/06/2025,JMV,N,NON,,,,,,121,22/04/2025,63,semaine9,3,
12,2,24/06/2025,JMV,N,NON,,,,,,122,13/05/2025,42,semaine6,3,
22,2,27/06/2025,JMV,N,NON,3,3,1,1,602,222,23/04/2025,65,semaine9,3,
13,1,27/06/2025,JMV,N,NON,,,,,,131,23/04/2025,65,semaine9,3,
13,2,27/06/2025,JMV,N,NON,,,,,,132,23/04/2025,65,semaine9,3,
14,1,27/06/2025,JMV,N,NON,,,,,,141,23/04/2025,65,semaine9,3,
14,2,27/06/2025,JMV,N,NON,,,,,,142,14/05/2025,44,semaine6,3,
15,1,27/06/2025,JMV,N,NON,,,,,,151,23/04/2025,65,semaine9,3,
15,2,27/06/2025,JMV,N,NON,,,,,,152,14/05/2025,44,semaine6,3,
16,1,27/06/2025,JMV,N,NON,,,,,,161,23/04/2025,65,semaine9,3,Eplynx
16,2,27/06/2025,JMV,N,NON,,,,,,162,23/04/2025,65,semaine9,3,Eplynx
17,1,27/06/2025,JMV,N,NON,,,,,,171,23/04/2025,65,semaine9,3,
17,2,27/06/2025,JMV,N,NON,,,,,,172,14/05/2025,44,semaine6,3,
18,1,27/06/2025,JMV,N,NON,,,,,,181,23/04/2025,65,semaine9,3,Eplynx
18,2,27/06/2025,JMV,N,NON,,,,,,182,14/05/2025,44,semaine6,3,Eplynx
19,1,27/06/2025,JMV,N,NON,,,,,,191,23/04/2025,65,semaine9,3,
19,2,27/06/2025,JMV,N,NON,,,,,,192,23/04/2025,65,semaine9,3,
20,1,27/06/2025,JMV,N,NON,,,,,,201,23/04/2025,65,semaine9,3,Eplynx
20,2,27/06/2025,JMV,N,NON,,,,,,202,14/05/2025,44,semaine6,3,Eplynx
21,1,27/06/2025,JMV,N,NON,,,,,,211,23/04/2025,65,semaine9,3,
21,2,27/06/2025,JMV,N,NON,,,,,,212,14/05/2025,44,semaine6,3,
22,1,27/06/2025,JMV,N,NON,,,,,,221,23/04/2025,65,semaine9,3,Eplynx
23,1,27/06/2025,JMV,N,NON,,,,,,231,23/04/2025,65,semaine9,3,
23,2,27/06/2025,JMV,N,NON,,,,,,232,14/05/2025,44,semaine6,3,
24,1,27/06/2025,JMV,N,NON,,,,,,241,23/04/2025,65,semaine9,3,Eplynx
24,2,27/06/2025,JMV,N,NON,,,,,,242,14/05/2025,44,semaine6,3,Eplynx
